"","Qtr","x1_qtrs","x2_qtrs","x3_qtrs","x4_qtrs","x5_qtrs","x6_qtrs","x7_qtrs","x8_qtrs","x9_qtrs","x10_qtrs","x11_qtrs","x12_qtrs","x13_qtrs","x14_qtrs","x15_qtrs","x16_qtrs","x17_qtrs","x18_qtrs","x19_qtrs","x20_qtrs","x21_qtrs","x22_qtrs","x23_qtrs","x24_qtrs","x25_qtrs","x26_qtrs","x27_qtrs","x28_qtrs","x29_qtrs","x30_qtrs","x31_qtrs","x32_qtrs","x33_qtrs","x34_qtrs","x35_qtrs","x36_qtrs","x37_qtrs","x38_qtrs","x39_qtrs","x40_qtrs"
"1",1993 Q2,4.90629032258065,4.84129032258064,5.13451612903226,5.58258064516129,6.03564516129032,6.42774193548387,6.74112903225806,6.98370967741935,7.17145161290323,7.32064516129032,7.44483870967742,7.55258064516129,7.65225806451613,7.74645161290323,7.83693548387097,7.92629032258065,8.01241935483871,8.09548387096774,8.17516129032258,8.24903225806452,8.31822580645161,8.3808064516129,8.43629032258064,8.485,8.5258064516129,8.55806451612903,8.58338709677419,8.60016129032258,8.60903225806452,8.61016129032258,8.60370967741935,8.58951612903226,8.56903225806452,8.54096774193548,8.50645161290323,8.46564516129032,8.42,8.3691935483871,8.3108064516129,8.24983870967742
"2",1993 Q3,4.64454545454545,4.67121212121212,4.90045454545455,5.22318181818182,5.56287878787879,5.88227272727273,6.16590909090909,6.40954545454545,6.61348484848485,6.785,6.92636363636364,7.04424242424242,7.14318181818182,7.22484848484848,7.29409090909091,7.35181818181818,7.39984848484848,7.44106060606061,7.47560606060606,7.50363636363636,7.52818181818182,7.54742424242424,7.5630303030303,7.575,7.58424242424242,7.59075757575758,7.59439393939394,7.59545454545455,7.59439393939394,7.59166666666667,7.58666666666667,7.58015151515152,7.57227272727273,7.5630303030303,7.5519696969697,7.53878787878788,7.52606060606061,7.51166666666667,7.49621212121212,7.47954545454545
"3",1993 Q4,4.62825396825397,4.78142857142857,5.02777777777778,5.29555555555556,5.55587301587302,5.79539682539683,6.01,6.19968253968254,6.36444444444444,6.50873015873016,6.63095238095238,6.73761904761905,6.82888888888889,6.90634920634921,6.97253968253968,7.03,7.07761904761905,7.11857142857143,7.15269841269841,7.18222222222222,7.20730158730159,7.2268253968254,7.24412698412698,7.25714285714286,7.26746031746032,7.27587301587302,7.28111111111111,7.28539682539683,7.28730158730159,7.28793650793651,7.28698412698413,7.28444444444444,7.28095238095238,7.27809523809524,7.27269841269841,7.26555555555556,7.25952380952381,7.25174603174603,7.24365079365079,7.23492063492063
"4",1994 Q1,4.66612903225806,4.93064516129032,5.32870967741936,5.72854838709677,6.07451612903226,6.35225806451613,6.56758064516129,6.73129032258065,6.85645161290323,6.95290322580645,7.02758064516129,7.0908064516129,7.14338709677419,7.18903225806452,7.22951612903226,7.26693548387097,7.30016129032258,7.32983870967742,7.35709677419355,7.38338709677419,7.40483870967742,7.42370967741935,7.43774193548387,7.45048387096774,7.45887096774194,7.46564516129032,7.46806451612903,7.46725806451613,7.46435483870968,7.45838709677419,7.44838709677419,7.43790322580645,7.42322580645161,7.40629032258065,7.38758064516129,7.36677419354839,7.34354838709677,7.31790322580645,7.29112903225806,7.26225806451613
"5",1994 Q2,4.89016393442623,5.55786885245902,6.40524590163934,7.18672131147541,7.80295081967213,8.24573770491803,8.54098360655738,8.72573770491803,8.83524590163934,8.89754098360656,8.93344262295082,8.95737704918033,8.97803278688525,9.00114754098361,9.02901639344262,9.06098360655738,9.09786885245902,9.13868852459016,9.18098360655738,9.22475409836066,9.26868852459016,9.30950819672131,9.34803278688525,9.3827868852459,9.41377049180328,9.43803278688525,9.45786885245902,9.47147540983607,9.47983606557377,9.48196721311475,9.4772131147541,9.46754098360656,9.45081967213115,9.42803278688525,9.40032786885246,9.36688524590164,9.32918032786885,9.2855737704918,9.23737704918033,9.18377049180328
"6",1994 Q3,5.96348484848485,6.85121212121212,7.67272727272727,8.33287878787879,8.81439393939394,9.14,9.34863636363636,9.47409090909091,9.54954545454545,9.59833333333333,9.63469696969697,9.66757575757576,9.70363636363636,9.74409090909091,9.79045454545455,9.84136363636364,9.89681818181818,9.95469696969697,10.0130303030303,10.0690909090909,10.125,10.1760606060606,10.2230303030303,10.265303030303,10.3013636363636,10.3316666666667,10.3554545454545,10.3730303030303,10.3836363636364,10.3881818181818,10.3859090909091,10.3762121212121,10.3604545454545,10.3387878787879,10.3116666666667,10.2780303030303,10.239696969697,10.1942424242424,10.145303030303,10.0913636363636
"7",1994 Q4,7.67111111111111,8.68126984126984,9.31555555555556,9.67269841269841,9.86539682539683,9.97047619047619,10.0366666666667,10.0868253968254,10.1339682539683,10.1815873015873,10.2293650793651,10.2796825396825,10.3280952380952,10.3742857142857,10.4169841269841,10.4561904761905,10.4907936507937,10.5198412698413,10.5450793650794,10.5652380952381,10.5822222222222,10.5953968253968,10.6044444444444,10.6096825396825,10.6142857142857,10.6146031746032,10.614126984127,10.6122222222222,10.6077777777778,10.6031746031746,10.598253968254,10.5915873015873,10.5850793650794,10.5792063492063,10.5726984126984,10.5668253968254,10.5612698412698,10.555873015873,10.5511111111111,10.5474603174603
"8",1995 Q1,8.61539682539683,9.40111111111111,9.76888888888889,9.88571428571429,9.88952380952381,9.86507936507937,9.84904761904762,9.85365079365079,9.87952380952381,9.91984126984127,9.97,10.0219047619048,10.072380952381,10.1193650793651,10.1585714285714,10.1915873015873,10.2166666666667,10.2347619047619,10.2471428571429,10.252380952381,10.2534920634921,10.2501587301587,10.2439682539683,10.2349206349206,10.2252380952381,10.2133333333333,10.2006349206349,10.1888888888889,10.1774603174603,10.1669841269841,10.1579365079365,10.15,10.1425396825397,10.1388888888889,10.1366666666667,10.1371428571429,10.1387301587302,10.1431746031746,10.1503174603175,10.1598412698413
"9",1995 Q2,7.57360655737705,7.85737704918033,8.04803278688525,8.15,8.2116393442623,8.27196721311475,8.3444262295082,8.43508196721312,8.54032786885246,8.65491803278688,8.77426229508197,8.89196721311475,9.00524590163934,9.11147540983607,9.20885245901639,9.29688524590164,9.3744262295082,9.4416393442623,9.49918032786885,9.54852459016393,9.58983606557377,9.62327868852459,9.64901639344262,9.67016393442623,9.68459016393443,9.69540983606557,9.70147540983607,9.7044262295082,9.70409836065574,9.70147540983607,9.69688524590164,9.69065573770492,9.68229508196721,9.6744262295082,9.66475409836066,9.65426229508197,9.64360655737705,9.63295081967213,9.62327868852459,9.61213114754098
"10",1995 Q3,7.32938461538462,7.42138461538462,7.51461538461538,7.58738461538462,7.66184615384615,7.75153846153846,7.86430769230769,7.99692307692308,8.14261538461538,8.29646153846154,8.45184615384615,8.60369230769231,8.74938461538462,8.88446153846154,9.00969230769231,9.12323076923077,9.22476923076923,9.31446153846154,9.39246153846154,9.46,9.516,9.56523076923077,9.60415384615385,9.63523076923077,9.66046153846154,9.67738461538462,9.68969230769231,9.69661538461538,9.69907692307692,9.69753846153846,9.69215384615385,9.684,9.67261538461539,9.65876923076923,9.64292307692308,9.62584615384615,9.60661538461538,9.586,9.56538461538462,9.54230769230769
"11",1995 Q4,7.19222222222222,7.27698412698413,7.3331746031746,7.3447619047619,7.3515873015873,7.38619047619048,7.45365079365079,7.55285714285714,7.67365079365079,7.80777777777778,7.9468253968254,8.08238095238095,8.21238095238095,8.33253968253968,8.44,8.5368253968254,8.62063492063492,8.6931746031746,8.7547619047619,8.8068253968254,8.85047619047619,8.88571428571429,8.91444444444445,8.93809523809524,8.95555555555556,8.96936507936508,8.97984126984127,8.98793650793651,8.99269841269841,8.99571428571429,8.99730158730159,8.99825396825397,8.99777777777778,8.99777777777778,8.99761904761905,8.99619047619048,8.99571428571429,8.99571428571429,8.99587301587302,8.99650793650794
"12",1996 Q1,7.19888888888889,7.41460317460317,7.55238095238095,7.58714285714286,7.58047619047619,7.5831746031746,7.6152380952381,7.67809523809524,7.76825396825397,7.8731746031746,7.98539682539683,8.09809523809524,8.20587301587302,8.3052380952381,8.39444444444444,8.47238095238095,8.53904761904762,8.59507936507936,8.64142857142857,8.67920634920635,8.70920634920635,8.73206349206349,8.75,8.7631746031746,8.77206349206349,8.77888888888889,8.78269841269841,8.78539682539683,8.78730158730159,8.78761904761905,8.78825396825397,8.78968253968254,8.78984126984127,8.79142857142857,8.79396825396825,8.79746031746032,8.80206349206349,8.80777777777778,8.81444444444444,8.82238095238095
"13",1996 Q2,7.28803278688525,7.68803278688525,8.01836065573771,8.20737704918033,8.30704918032787,8.36590163934426,8.4144262295082,8.46622950819672,8.52245901639344,8.58393442622951,8.64672131147541,8.70688524590164,8.76360655737705,8.81590163934426,8.86180327868852,8.90065573770492,8.9344262295082,8.96081967213115,8.98245901639344,8.99950819672131,9.01491803278689,9.02524590163934,9.0344262295082,9.04229508196721,9.04754098360656,9.05377049180328,9.05934426229508,9.06573770491803,9.07295081967213,9.08065573770492,9.08934426229508,9.09950819672131,9.11,9.12295081967213,9.13672131147541,9.15245901639344,9.17065573770492,9.19,9.21245901639344,9.23475409836066
"14",1996 Q3,6.79,6.905,7.09212121212121,7.25484848484848,7.38409090909091,7.49363636363636,7.59242424242424,7.685,7.77606060606061,7.86515151515152,7.95136363636364,8.0330303030303,8.11121212121212,8.18393939393939,8.25106060606061,8.31227272727273,8.36712121212121,8.41636363636364,8.45924242424242,8.49742424242424,8.53030303030303,8.55863636363636,8.58166666666667,8.60121212121212,8.61681818181818,8.62969696969697,8.63893939393939,8.64590909090909,8.65015151515152,8.65272727272727,8.65242424242424,8.65121212121212,8.64727272727273,8.64318181818182,8.6380303030303,8.63136363636364,8.625,8.61606060606061,8.60818181818182,8.5980303030303
"15",1996 Q4,6.09625,6.0840625,6.195,6.32734375,6.45953125,6.5853125,6.7059375,6.821875,6.93203125,7.03546875,7.12984375,7.2165625,7.2953125,7.36515625,7.4278125,7.48359375,7.531875,7.5734375,7.61015625,7.64234375,7.66921875,7.693125,7.711875,7.72875,7.7415625,7.75296875,7.76265625,7.77015625,7.7759375,7.78078125,7.783125,7.78546875,7.78609375,7.78625,7.78609375,7.7853125,7.78328125,7.781875,7.7790625,7.7765625
"16",1997 Q1,5.62233333333333,5.88316666666667,6.174,6.40083333333333,6.5825,6.742,6.89366666666667,7.0425,7.1855,7.32116666666667,7.447,7.56133333333333,7.6625,7.7505,7.8255,7.88783333333333,7.94066666666667,7.982,8.01666666666667,8.04283333333333,8.06366666666667,8.07966666666667,8.09166666666667,8.101,8.10666666666667,8.112,8.11416666666667,8.11716666666667,8.119,8.12066666666667,8.123,8.12516666666667,8.12766666666667,8.13133333333333,8.1355,8.14033333333333,8.1455,8.15233333333333,8.15966666666667,8.16833333333333
"17",1997 Q2,5.40111111111111,5.45031746031746,5.71365079365079,6.03206349206349,6.33365079365079,6.59825396825397,6.81936507936508,7.00507936507937,7.16285714285714,7.30079365079365,7.42095238095238,7.53063492063492,7.63063492063492,7.72238095238095,7.80666666666667,7.8847619047619,7.95698412698413,8.02142857142857,8.08047619047619,8.13238095238095,8.17761904761905,8.21730158730159,8.25031746031746,8.27666666666667,8.29761904761905,8.31349206349206,8.32301587301587,8.32761904761905,8.32761904761905,8.32238095238095,8.31380952380952,8.29984126984127,8.28222222222222,8.26111111111111,8.23777777777778,8.20936507936508,8.17952380952381,8.14619047619048,8.11142857142857,8.07349206349206
"18",1997 Q3,4.68909090909091,4.66818181818182,4.845,5.09136363636364,5.34712121212121,5.58636363636364,5.79833333333333,5.9819696969697,6.14136363636364,6.2780303030303,6.39681818181818,6.50030303030303,6.59136363636364,6.67090909090909,6.74106060606061,6.80333333333333,6.85878787878788,6.90787878787879,6.95030303030303,6.9880303030303,7.02212121212121,7.05045454545455,7.07530303030303,7.09606060606061,7.1130303030303,7.12712121212121,7.13818181818182,7.14621212121212,7.15166666666667,7.15454545454545,7.15484848484849,7.15378787878788,7.15,7.14439393939394,7.13727272727273,7.12848484848485,7.11772727272727,7.10636363636364,7.09318181818182,7.07893939393939
"19",1997 Q4,4.74484375,4.80609375,4.96984375,5.1521875,5.3225,5.47375,5.60546875,5.719375,5.82046875,5.9090625,5.988125,6.0596875,6.12421875,6.1828125,6.23640625,6.2846875,6.32875,6.36765625,6.40203125,6.43359375,6.46015625,6.48375,6.50390625,6.52046875,6.53515625,6.545,6.553125,6.5578125,6.5603125,6.561875,6.56,6.55578125,6.5503125,6.54234375,6.5334375,6.52296875,6.51109375,6.4975,6.48296875,6.46703125
"20",1998 Q1,4.76725806451613,4.7358064516129,4.82887096774194,4.97274193548387,5.1191935483871,5.25,5.36112903225806,5.45290322580645,5.53032258064516,5.59564516129032,5.65370967741935,5.70677419354839,5.7558064516129,5.80370967741935,5.85016129032258,5.89516129032258,5.93854838709677,5.98209677419355,6.02161290322581,6.06096774193548,6.09806451612903,6.13290322580645,6.16564516129032,6.19564516129032,6.22354838709677,6.24838709677419,6.27,6.28983870967742,6.30725806451613,6.32209677419355,6.33387096774194,6.34387096774194,6.35161290322581,6.35677419354839,6.35951612903226,6.36016129032258,6.36016129032258,6.35709677419355,6.35322580645161,6.34661290322581
"21",1998 Q2,4.75822580645161,4.80790322580645,4.9058064516129,4.99129032258065,5.05935483870968,5.11887096774194,5.17258064516129,5.22612903225806,5.2791935483871,5.33435483870968,5.38854838709677,5.44177419354839,5.49370967741936,5.54403225806452,5.59225806451613,5.63790322580645,5.67935483870968,5.71854838709677,5.755,5.78774193548387,5.81741935483871,5.84467741935484,5.86870967741936,5.88951612903226,5.90951612903226,5.92612903225806,5.93903225806452,5.95112903225806,5.9608064516129,5.96838709677419,5.975,5.97951612903226,5.98129032258065,5.98274193548387,5.98258064516129,5.98032258064516,5.97822580645161,5.9741935483871,5.96774193548387,5.96274193548387
"22",1998 Q3,4.84333333333333,4.91969696969697,5.01393939393939,5.08712121212121,5.13833333333333,5.17878787878788,5.21181818181818,5.2419696969697,5.27242424242424,5.30166666666667,5.33181818181818,5.36136363636364,5.39121212121212,5.41984848484848,5.44833333333333,5.47469696969697,5.50121212121212,5.52636363636364,5.54969696969697,5.57166666666667,5.5919696969697,5.61030303030303,5.6280303030303,5.64378787878788,5.65848484848485,5.67136363636364,5.68318181818182,5.69272727272727,5.70106060606061,5.70848484848485,5.71393939393939,5.71909090909091,5.72333333333333,5.72515151515152,5.72666666666667,5.72636363636364,5.72575757575758,5.72409090909091,5.72166666666667,5.71863636363636
"23",1998 Q4,4.46375,4.35515625,4.34921875,4.3653125,4.38453125,4.4046875,4.43109375,4.46546875,4.5096875,4.56296875,4.6234375,4.68953125,4.7590625,4.82984375,4.8990625,4.9684375,5.03296875,5.09390625,5.149375,5.2003125,5.245,5.28375,5.31765625,5.34625,5.36890625,5.385625,5.3975,5.40546875,5.4084375,5.40671875,5.4021875,5.39390625,5.3815625,5.366875,5.34890625,5.32765625,5.30546875,5.2809375,5.2540625,5.22578125
"24",1999 Q1,4.57096774193548,4.67758064516129,4.8041935483871,4.89145161290323,4.94258064516129,4.96854838709677,4.98403225806452,4.99758064516129,5.01467741935484,5.03709677419355,5.06629032258065,5.10112903225806,5.13967741935484,5.18225806451613,5.22596774193548,5.27258064516129,5.31741935483871,5.36193548387097,5.4041935483871,5.44451612903226,5.48129032258065,5.51564516129032,5.54725806451613,5.57548387096774,5.60032258064516,5.62161290322581,5.64,5.655,5.66645161290323,5.6758064516129,5.68161290322581,5.6858064516129,5.68758064516129,5.68629032258065,5.68306451612903,5.67758064516129,5.66967741935484,5.66032258064516,5.64951612903226,5.63774193548387
"25",1999 Q2,4.54338709677419,4.54435483870968,4.75306451612903,5.02354838709677,5.26677419354839,5.44758064516129,5.56516129032258,5.63516129032258,5.67112903225806,5.68790322580645,5.69725806451613,5.70693548387097,5.71951612903226,5.73838709677419,5.76435483870968,5.79612903225806,5.83338709677419,5.87370967741936,5.91677419354839,5.96129032258064,6.00516129032258,6.04725806451613,6.08725806451613,6.12483870967742,6.1591935483871,6.18774193548387,6.21354838709677,6.23467741935484,6.25129032258064,6.26306451612903,6.27096774193548,6.27387096774194,6.27241935483871,6.26677419354839,6.25677419354839,6.24322580645161,6.2258064516129,6.20516129032258,6.1808064516129,6.15338709677419
"26",1999 Q3,4.64560606060606,4.69606060606061,4.95984848484848,5.29363636363636,5.59530303030303,5.82636363636364,5.98439393939394,6.08439393939394,6.14257575757576,6.1769696969697,6.20030303030303,6.21954545454545,6.24045454545455,6.26560606060606,6.2980303030303,6.33454545454545,6.37484848484848,6.41954545454545,6.465,6.51166666666667,6.55681818181818,6.59954545454545,6.63924242424242,6.67651515151515,6.70742424242424,6.73409090909091,6.75651515151515,6.77363636363636,6.78469696969697,6.79030303030303,6.79060606060606,6.78636363636364,6.77666666666667,6.76242424242424,6.74318181818182,6.72,6.6919696969697,6.66090909090909,6.62636363636364,6.58742424242424
"27",1999 Q4,4.99140625,5.515625,5.92390625,6.16125,6.27765625,6.33140625,6.35765625,6.3778125,6.40203125,6.433125,6.4715625,6.51625,6.56390625,6.61171875,6.66078125,6.70640625,6.75046875,6.78953125,6.825,6.856875,6.88390625,6.90671875,6.92625,6.94125,6.9528125,6.96109375,6.96546875,6.96859375,6.96734375,6.96328125,6.9590625,6.95171875,6.94296875,6.93234375,6.9203125,6.90671875,6.8928125,6.8771875,6.86125,6.84359375
"28",2000 Q1,5.76126984126984,6.01444444444444,6.25539682539683,6.48095238095238,6.66904761904762,6.81206349206349,6.90968253968254,6.97063492063492,7.00285714285714,7.01523809523809,7.01428571428571,7.0052380952381,6.99269841269841,6.97920634920635,6.96539682539683,6.95365079365079,6.94380952380952,6.9347619047619,6.92825396825397,6.92396825396825,6.91936507936508,6.91666666666667,6.9152380952381,6.91238095238095,6.91047619047619,6.90825396825397,6.90603174603175,6.90253968253968,6.89777777777778,6.89285714285714,6.88603174603175,6.87952380952381,6.87111111111111,6.86206349206349,6.85111111111111,6.83857142857143,6.82587301587302,6.8115873015873,6.79761904761905,6.78095238095238
"29",2000 Q2,5.93327868852459,5.98967213114754,6.03426229508197,6.0727868852459,6.11049180327869,6.14934426229508,6.18885245901639,6.22475409836066,6.25672131147541,6.28114754098361,6.29983606557377,6.31360655737705,6.32098360655738,6.32360655737705,6.32147540983607,6.31852459016393,6.31196721311475,6.30508196721311,6.29639344262295,6.28852459016393,6.27967213114754,6.27180327868852,6.26360655737705,6.25672131147541,6.25016393442623,6.24590163934426,6.24065573770492,6.23606557377049,6.2327868852459,6.22983606557377,6.22885245901639,6.22688524590164,6.22622950819672,6.22508196721311,6.22540983606557,6.22524590163934,6.22590163934426,6.22622950819672,6.22672131147541,6.22737704918033
"30",2000 Q3,6.21153846153846,6.14046153846154,6.06815384615385,6.02769230769231,6.01615384615385,6.02523076923077,6.04246153846154,6.06384615384615,6.08246153846154,6.09646153846154,6.106,6.10953846153846,6.11061538461539,6.108,6.10215384615385,6.09615384615385,6.08969230769231,6.08261538461538,6.07692307692308,6.07061538461538,6.06661538461538,6.06230769230769,6.06046153846154,6.05861538461538,6.05907692307692,6.06061538461538,6.06215384615385,6.06492307692308,6.06861538461538,6.07307692307692,6.07723076923077,6.08261538461538,6.08830769230769,6.09353846153846,6.09984615384615,6.10630769230769,6.11246153846154,6.11876923076923,6.12492307692308,6.13061538461538
"31",2000 Q4,6.07714285714286,5.8652380952381,5.6852380952381,5.56873015873016,5.51301587301587,5.50587301587302,5.53015873015873,5.57047619047619,5.61777777777778,5.66619047619048,5.70968253968254,5.74857142857143,5.78269841269841,5.80952380952381,5.83079365079365,5.84857142857143,5.86126984126984,5.87190476190476,5.88063492063492,5.88730158730159,5.89301587301587,5.89746031746032,5.90253968253968,5.90730158730159,5.91031746031746,5.91650793650794,5.92015873015873,5.92492063492063,5.93095238095238,5.93714285714286,5.94238095238095,5.94825396825397,5.95539682539683,5.96238095238095,5.9684126984127,5.97507936507936,5.98206349206349,5.9884126984127,5.99539682539683,6.00174603174603
"32",2001 Q1,5.08634920634921,4.77365079365079,4.63380952380952,4.57222222222222,4.55444444444444,4.56968253968254,4.60793650793651,4.66380952380952,4.7331746031746,4.81126984126984,4.89269841269841,4.97571428571429,5.05809523809524,5.13730158730159,5.21206349206349,5.28142857142857,5.34666666666667,5.40555555555556,5.45793650793651,5.50507936507937,5.54634920634921,5.5815873015873,5.61222222222222,5.63761904761905,5.65777777777778,5.67492063492064,5.68777777777778,5.69539682539683,5.69984126984127,5.70333333333333,5.70142857142857,5.69777777777778,5.69174603174603,5.68253968253968,5.67222222222222,5.65968253968254,5.64571428571429,5.63015873015873,5.61253968253968,5.5931746031746
"33",2001 Q2,4.69295081967213,4.70475409836066,4.82147540983607,4.95409836065574,5.07344262295082,5.17622950819672,5.26344262295082,5.33852459016393,5.40819672131148,5.47311475409836,5.53540983606557,5.59688524590164,5.65786885245902,5.71655737704918,5.77475409836066,5.83147540983607,5.88639344262295,5.93918032786885,5.98901639344262,6.0355737704918,6.07967213114754,6.12147540983607,6.15868852459016,6.19409836065574,6.22508196721312,6.25393442622951,6.27918032786885,6.30098360655738,6.32065573770492,6.33770491803279,6.35081967213115,6.36262295081967,6.37049180327869,6.37770491803279,6.38245901639344,6.38508196721311,6.38491803278689,6.38426229508197,6.38081967213115,6.37540983606557
"34",2001 Q3,4.69359375,4.7415625,4.8471875,4.96421875,5.083125,5.1996875,5.3121875,5.4171875,5.51328125,5.59859375,5.67328125,5.7378125,5.794375,5.8421875,5.88296875,5.919375,5.9503125,5.97796875,6.00359375,6.0265625,6.048125,6.06921875,6.0884375,6.1084375,6.12734375,6.14609375,6.164375,6.184375,6.2025,6.22109375,6.240625,6.25890625,6.2778125,6.295625,6.3140625,6.33234375,6.35046875,6.36890625,6.386875,6.404375
"35",2001 Q4,4.08448275862069,4.05706896551724,4.13689655172414,4.25379310344828,4.38603448275862,4.52327586206897,4.66103448275862,4.79637931034483,4.92948275862069,5.05603448275862,5.17672413793103,5.29051724137931,5.39724137931035,5.49620689655172,5.58724137931034,5.67155172413793,5.74913793103448,5.82,5.8848275862069,5.94310344827586,5.99637931034483,6.045,6.08758620689655,6.12637931034483,6.15965517241379,6.19068965517241,6.21793103448276,6.24103448275862,6.26086206896552,6.27793103448276,6.29275862068966,6.305,6.31465517241379,6.32137931034483,6.32741379310345,6.33051724137931,6.33241379310345,6.33310344827586,6.33172413793103,6.32896551724138
"36",2002 Q1,4.35666666666667,4.627,4.90816666666667,5.15633333333333,5.36083333333333,5.52483333333333,5.65633333333333,5.7615,5.84833333333333,5.92066666666667,5.98266666666667,6.0375,6.08483333333333,6.13016666666667,6.17033333333333,6.20816666666667,6.2435,6.27733333333333,6.30866666666667,6.33733333333333,6.366,6.39216666666667,6.41616666666667,6.43916666666667,6.46,6.479,6.496,6.513,6.52716666666667,6.54,6.5515,6.56066666666667,6.5695,6.57716666666667,6.58233333333333,6.58783333333333,6.59183333333333,6.594,6.59483333333333,6.59533333333333
"37",2002 Q2,4.98951612903226,5.42193548387097,5.62693548387097,5.69693548387097,5.71532258064516,5.72983870967742,5.75677419354839,5.80193548387097,5.86145161290323,5.92677419354839,5.99564516129032,6.06225806451613,6.1241935483871,6.18129032258065,6.23225806451613,6.275,6.31274193548387,6.3441935483871,6.37096774193548,6.39209677419355,6.41161290322581,6.42741935483871,6.4408064516129,6.45193548387097,6.46177419354839,6.47096774193548,6.47983870967742,6.48822580645161,6.49564516129032,6.50322580645161,6.51177419354839,6.51806451612903,6.52709677419355,6.53532258064516,6.54354838709677,6.55258064516129,6.56209677419355,6.57112903225806,6.58016129032258,6.59016129032258
"38",2002 Q3,4.87181818181818,5.00287878787879,5.03833333333333,5.03787878787879,5.05075757575758,5.09181818181818,5.15909090909091,5.24393939393939,5.335,5.42651515151515,5.51075757575758,5.58545454545455,5.64924242424242,5.70242424242424,5.74515151515152,5.77787878787879,5.80439393939394,5.82409090909091,5.84,5.85227272727273,5.86136363636364,5.86924242424242,5.87606060606061,5.88378787878788,5.89121212121212,5.9,5.90863636363636,5.91848484848485,5.93060606060606,5.94363636363636,5.95757575757576,5.97227272727273,5.98848484848485,6.00590909090909,6.02454545454545,6.04378787878788,6.06424242424242,6.08484848484848,6.10606060606061,6.12848484848485
"39",2002 Q4,4.69484375,4.73703125,4.7296875,4.70703125,4.70578125,4.73859375,4.80328125,4.89125,4.9915625,5.09515625,5.19734375,5.2925,5.37921875,5.45484375,5.52234375,5.57921875,5.62875,5.67046875,5.70625,5.7375,5.7628125,5.78609375,5.80578125,5.82359375,5.8403125,5.855,5.8696875,5.88265625,5.89578125,5.9075,5.92109375,5.93265625,5.9459375,5.95796875,5.9703125,5.9828125,5.99578125,6.0075,6.0209375,6.0321875
"40",2003 Q1,4.57370967741935,4.53193548387097,4.46241935483871,4.39048387096774,4.34983870967742,4.35112903225806,4.39483870967742,4.46983870967742,4.56645161290323,4.67435483870968,4.78645161290323,4.89774193548387,5.00241935483871,5.1,5.18903225806452,5.26870967741935,5.34048387096774,5.40241935483871,5.45774193548387,5.505,5.54725806451613,5.58209677419355,5.61322580645161,5.63951612903226,5.66129032258065,5.68129032258065,5.69693548387097,5.71064516129032,5.72177419354839,5.73129032258065,5.73951612903226,5.74548387096774,5.75064516129032,5.75435483870968,5.75709677419355,5.75903225806452,5.75983870967742,5.76048387096774,5.75951612903226,5.75854838709677
"41",2003 Q2,4.52327868852459,4.42245901639344,4.32934426229508,4.26491803278688,4.24377049180328,4.26983606557377,4.33180327868852,4.41901639344262,4.51901639344262,4.62377049180328,4.72606557377049,4.82147540983607,4.90836065573771,4.98704918032787,5.05524590163934,5.1144262295082,5.16573770491803,5.20901639344262,5.24672131147541,5.27868852459016,5.30655737704918,5.32918032786885,5.34967213114754,5.36803278688525,5.38393442622951,5.39754098360656,5.41,5.42180327868852,5.43327868852459,5.44229508196721,5.45081967213115,5.45901639344262,5.46786885245902,5.47475409836066,5.48180327868852,5.49,5.49573770491803,5.50245901639344,5.50803278688525,5.51426229508197
"42",2003 Q3,4.68318181818182,4.74166666666667,4.74469696969697,4.72575757575758,4.72378787878788,4.75242424242424,4.81121212121212,4.89060606060606,4.98257575757576,5.0769696969697,5.16878787878788,5.25393939393939,5.33015151515152,5.39606060606061,5.45257575757576,5.50030303030303,5.54060606060606,5.57393939393939,5.60075757575758,5.62378787878788,5.64257575757576,5.65924242424242,5.67318181818182,5.68651515151515,5.69848484848485,5.70969696969697,5.72030303030303,5.73075757575758,5.74136363636364,5.75257575757576,5.76363636363636,5.77545454545455,5.78727272727273,5.80015151515151,5.8130303030303,5.82515151515152,5.83954545454545,5.85212121212121,5.86636363636364,5.87984848484848
"43",2003 Q4,5.23140625,5.42375,5.446875,5.40296875,5.3678125,5.37,5.4096875,5.47515625,5.551875,5.6290625,5.69921875,5.758125,5.8028125,5.83453125,5.8528125,5.8603125,5.859375,5.8515625,5.839375,5.8228125,5.8053125,5.7890625,5.77203125,5.7575,5.744375,5.73453125,5.72703125,5.72203125,5.721875,5.72359375,5.72875,5.7371875,5.74796875,5.76140625,5.7771875,5.79546875,5.81625,5.83828125,5.86265625,5.88890625
"44",2004 Q1,5.43079365079365,5.51095238095238,5.35634920634921,5.14428571428571,4.99619047619048,4.94809523809524,4.98857142857143,5.08730158730159,5.21873015873016,5.35539682539683,5.48396825396825,5.59190476190476,5.67619047619048,5.73555555555556,5.77190476190476,5.78888888888889,5.78920634920635,5.77698412698413,5.75396825396825,5.72650793650794,5.69444444444444,5.66174603174603,5.63111111111111,5.60063492063492,5.57492063492063,5.55396825396825,5.53730158730159,5.5268253968254,5.52111111111111,5.52142857142857,5.52793650793651,5.53809523809524,5.55555555555556,5.57619047619048,5.60253968253968,5.63222222222222,5.66714285714286,5.70444444444444,5.74650793650794,5.79063492063492
"45",2004 Q2,5.36274193548387,5.43403225806452,5.34129032258065,5.20387096774194,5.10693548387097,5.08258064516129,5.12451612903226,5.21564516129032,5.33564516129032,5.4658064516129,5.59451612903226,5.71451612903226,5.82016129032258,5.90903225806452,5.98209677419355,6.03935483870968,6.08258064516129,6.11322580645161,6.13532258064516,6.14983870967742,6.15661290322581,6.15903225806452,6.15903225806452,6.15693548387097,6.15306451612903,6.14983870967742,6.14677419354839,6.14483870967742,6.14403225806452,6.14338709677419,6.1458064516129,6.14758064516129,6.15322580645161,6.16032258064516,6.16903225806452,6.17935483870968,6.1908064516129,6.20483870967742,6.21983870967742,6.2358064516129
"46",2004 Q3,5.34636363636364,5.39469696969697,5.26454545454545,5.09545454545455,4.98030303030303,4.94939393939394,4.99151515151515,5.08333333333333,5.19954545454545,5.32272727272727,5.43787878787879,5.53727272727273,5.61787878787879,5.67742424242424,5.71909090909091,5.74272727272727,5.75378787878788,5.75287878787879,5.74409090909091,5.72924242424242,5.71151515151515,5.69287878787879,5.67318181818182,5.65515151515152,5.63984848484848,5.62757575757576,5.61863636363636,5.61333333333333,5.61272727272727,5.61575757575758,5.62333333333333,5.63393939393939,5.64878787878788,5.66681818181818,5.68954545454545,5.71439393939394,5.74242424242424,5.77318181818182,5.8069696969697,5.84242424242424
"47",2004 Q4,5.3003125,5.319375,5.1509375,4.936875,4.7825,4.71890625,4.73703125,4.81390625,4.91984375,5.03703125,5.15046875,5.24953125,5.33078125,5.3921875,5.43546875,5.46046875,5.4728125,5.47265625,5.465,5.45125,5.43421875,5.415625,5.39625,5.379375,5.363125,5.35125,5.341875,5.33671875,5.33609375,5.338125,5.34453125,5.3553125,5.3696875,5.38703125,5.40796875,5.4325,5.45984375,5.48921875,5.5215625,5.55609375
"48",2005 Q1,5.56833333333333,5.59183333333333,5.439,5.25783333333333,5.13233333333333,5.0805,5.09283333333333,5.14566666666667,5.21916666666667,5.29683333333333,5.36916666666667,5.42833333333333,5.47233333333333,5.50116666666667,5.516,5.5185,5.5125,5.4985,5.48166666666667,5.46066666666667,5.43916666666667,5.41816666666667,5.39916666666667,5.38133333333333,5.369,5.3595,5.35216666666667,5.35133333333333,5.35283333333333,5.36016666666667,5.3695,5.38316666666667,5.40033333333333,5.42066666666667,5.44283333333333,5.4685,5.49716666666667,5.527,5.56066666666667,5.59483333333333
"49",2005 Q2,5.57825396825397,5.52825396825397,5.33460317460318,5.1284126984127,4.9815873015873,4.91238095238095,4.90968253968254,4.95031746031746,5.01396825396825,5.0852380952381,5.15190476190476,5.20761904761905,5.25111111111111,5.28063492063492,5.29761904761905,5.3031746031746,5.30079365079365,5.29126984126984,5.27825396825397,5.26253968253968,5.2468253968254,5.23015873015873,5.21555555555556,5.20380952380952,5.19476190476191,5.18920634920635,5.18666666666667,5.1884126984127,5.19396825396825,5.20222222222222,5.21428571428571,5.23015873015873,5.24904761904762,5.27063492063492,5.29444444444444,5.32174603174603,5.34920634920635,5.38047619047619,5.41269841269841,5.44650793650794
"50",2005 Q3,5.51727272727273,5.49939393939394,5.30348484848485,5.06469696969697,4.87863636363636,4.77606060606061,4.75090909090909,4.78015151515152,4.84272727272727,4.91848484848485,4.99469696969697,5.0630303030303,5.11863636363636,5.15939393939394,5.18772727272727,5.20318181818182,5.20863636363636,5.20590909090909,5.19772727272727,5.18590909090909,5.1719696969697,5.15848484848485,5.14515151515152,5.13378787878788,5.12545454545455,5.12090909090909,5.1180303030303,5.12,5.12393939393939,5.13333333333333,5.14606060606061,5.16287878787879,5.18227272727273,5.20439393939394,5.22939393939394,5.25712121212121,5.2869696969697,5.31893939393939,5.3530303030303,5.38954545454545
"51",2005 Q4,5.54714285714286,5.56031746031746,5.41111111111111,5.21984126984127,5.07190476190476,4.99698412698413,4.98904761904762,5.02730158730159,5.0931746031746,5.16873015873016,5.24206349206349,5.30761904761905,5.35873015873016,5.39698412698413,5.42174603174603,5.43365079365079,5.43714285714286,5.43174603174603,5.42095238095238,5.4068253968254,5.39111111111111,5.37460317460318,5.3584126984127,5.34333333333333,5.33222222222222,5.32349206349206,5.31714285714286,5.31460317460317,5.31571428571429,5.31857142857143,5.32666666666667,5.3384126984127,5.3515873015873,5.36888888888889,5.38825396825397,5.41063492063492,5.43444444444444,5.46174603174603,5.48888888888889,5.51904761904762
"52",2006 Q1,5.52253968253968,5.44555555555556,5.27063492063492,5.09523809523809,4.9752380952381,4.92079365079365,4.92,4.95555555555556,5.01047619047619,5.07111111111111,5.13,5.17936507936508,5.21873015873016,5.24825396825397,5.26666666666667,5.27634920634921,5.27968253968254,5.27666666666667,5.27047619047619,5.2615873015873,5.25063492063492,5.24079365079365,5.23174603174603,5.22285714285714,5.21555555555556,5.21111111111111,5.20920634920635,5.20920634920635,5.21142857142857,5.21619047619048,5.22269841269841,5.23269841269841,5.24396825396825,5.25714285714286,5.27253968253968,5.28825396825397,5.30650793650794,5.32492063492063,5.34539682539683,5.36730158730159
"53",2006 Q2,5.82655737704918,5.90098360655738,5.79360655737705,5.62213114754098,5.47672131147541,5.39098360655738,5.36327868852459,5.37967213114754,5.42459016393443,5.48098360655738,5.53950819672131,5.59245901639344,5.63540983606557,5.6683606557377,5.69131147540984,5.70262295081967,5.70508196721311,5.70196721311475,5.69262295081967,5.68016393442623,5.66573770491803,5.65,5.63475409836066,5.62016393442623,5.60672131147541,5.59508196721311,5.58704918032787,5.58065573770492,5.57688524590164,5.57590163934426,5.57852459016393,5.58229508196721,5.58918032786885,5.59819672131148,5.60983606557377,5.62344262295082,5.63967213114754,5.65737704918033,5.67655737704918,5.69672131147541
"54",2006 Q3,6.12692307692308,6.20030769230769,6.05784615384615,5.84646153846154,5.66707692307692,5.55553846153846,5.51015384615385,5.51292307692308,5.54569230769231,5.59061538461538,5.63615384615385,5.67507692307692,5.70307692307692,5.71938461538462,5.72384615384615,5.71784615384615,5.70384615384615,5.68246153846154,5.65753846153846,5.62969230769231,5.60061538461538,5.57338461538462,5.54846153846154,5.52492307692308,5.504,5.48784615384615,5.47569230769231,5.46707692307692,5.46323076923077,5.46307692307692,5.46676923076923,5.47492307692308,5.48584615384615,5.50015384615385,5.51830769230769,5.53876923076923,5.56215384615385,5.58815384615385,5.61692307692308,5.646
"55",2006 Q4,6.31063492063492,6.32111111111111,6.13904761904762,5.90968253968254,5.72253968253968,5.60603174603175,5.55428571428571,5.55015873015873,5.57222222222222,5.60428571428571,5.6347619047619,5.6584126984127,5.66984126984127,5.66888888888889,5.65714285714286,5.63523809523809,5.60619047619048,5.57063492063492,5.53349206349206,5.49333333333333,5.45349206349206,5.41619047619048,5.38079365079365,5.34904761904762,5.32063492063492,5.2968253968254,5.27777777777778,5.26365079365079,5.25396825396825,5.24857142857143,5.24793650793651,5.25142857142857,5.25809523809524,5.26952380952381,5.28412698412698,5.30095238095238,5.32095238095238,5.34460317460317,5.36952380952381,5.39571428571429
"56",2007 Q1,6.3768253968254,6.42063492063492,6.25793650793651,6.03111111111111,5.83936507936508,5.71873015873016,5.6684126984127,5.66746031746032,5.69714285714286,5.73888888888889,5.77968253968254,5.81190476190476,5.8331746031746,5.83968253968254,5.83365079365079,5.81730158730159,5.79079365079365,5.7568253968254,5.71984126984127,5.67952380952381,5.63984126984127,5.59873015873016,5.56126984126984,5.52555555555556,5.49539682539683,5.46968253968254,5.44698412698413,5.42984126984127,5.41777777777778,5.41015873015873,5.40761904761905,5.40904761904762,5.41507936507937,5.42492063492063,5.43777777777778,5.45507936507937,5.47507936507936,5.49777777777778,5.52396825396825,5.55190476190476
"57",2007 Q2,6.40049180327869,6.52606557377049,6.44262295081967,6.26803278688525,6.10098360655738,5.98426229508197,5.92229508196721,5.90426229508197,5.91426229508197,5.93754098360656,5.96409836065574,5.98540983606557,5.99901639344262,6.00147540983607,5.99524590163934,5.97918032786885,5.95655737704918,5.92868852459016,5.89622950819672,5.86295081967213,5.82836065573771,5.79426229508197,5.76262295081967,5.73360655737705,5.7083606557377,5.68573770491803,5.66672131147541,5.6527868852459,5.64262295081967,5.63606557377049,5.63393442622951,5.63524590163934,5.64081967213115,5.64918032786885,5.66081967213115,5.67573770491803,5.6927868852459,5.71295081967213,5.73508196721312,5.75950819672131
"58",2007 Q3,6.54261538461538,6.64046153846154,6.50092307692308,6.27707692307692,6.08446153846154,5.96676923076923,5.92046153846154,5.92615384615385,5.96123076923077,6.00492307692308,6.04446153846154,6.07246153846154,6.08338461538462,6.07892307692308,6.05892307692308,6.02661538461538,5.98492307692308,5.93538461538462,5.88261538461538,5.83030769230769,5.77707692307692,5.72846153846154,5.68292307692308,5.64384615384615,5.60984615384615,5.58323076923077,5.56430769230769,5.55107692307692,5.54630769230769,5.54707692307692,5.55492307692308,5.56876923076923,5.58815384615385,5.61369230769231,5.64415384615385,5.67938461538462,5.71923076923077,5.76230769230769,5.81,5.85953846153846
"59",2007 Q4,6.8696875,6.92484375,6.77578125,6.56859375,6.39609375,6.28609375,6.23390625,6.22109375,6.22796875,6.23921875,6.2446875,6.239375,6.2203125,6.18765625,6.1440625,6.0909375,6.03140625,5.9675,5.90421875,5.84046875,5.78,5.72265625,5.671875,5.62671875,5.5878125,5.5559375,5.53125,5.51296875,5.50109375,5.49625,5.4971875,5.5040625,5.51640625,5.53296875,5.55546875,5.58109375,5.61125,5.64421875,5.68078125,5.720625
"60",2008 Q1,7.23491803278689,7.04885245901639,6.71770491803279,6.41491803278689,6.20147540983607,6.07918032786885,6.02590163934426,6.01508196721311,6.02737704918033,6.0472131147541,6.06377049180328,6.0727868852459,6.07196721311475,6.06,6.04016393442623,6.01327868852459,5.98065573770492,5.94508196721311,5.90885245901639,5.87213114754098,5.83688524590164,5.80475409836066,5.77524590163934,5.74934426229508,5.72803278688525,5.70983606557377,5.69704918032787,5.68918032786885,5.68393442622951,5.68409836065574,5.68770491803279,5.6944262295082,5.70360655737705,5.7183606557377,5.73377049180328,5.75262295081967,5.77262295081967,5.79655737704918,5.8216393442623,5.84885245901639
"61",2008 Q2,7.38809523809524,7.44761904761905,7.14047619047619,6.68507936507936,6.26380952380952,5.96174603174603,5.78825396825397,5.72349206349206,5.73587301587302,5.79571428571429,5.87809523809524,5.96730158730159,6.05126984126984,6.12333333333333,6.18142857142857,6.22285714285714,6.25031746031746,6.26507936507937,6.26873015873016,6.26380952380952,6.25253968253968,6.23619047619048,6.21793650793651,6.19809523809524,6.17825396825397,6.16095238095238,6.14492063492064,6.13063492063492,6.12079365079365,6.11301587301587,6.11047619047619,6.11047619047619,6.11460317460317,6.12269841269841,6.13380952380952,6.14904761904762,6.16761904761905,6.18920634920635,6.21380952380952,6.24142857142857
"62",2008 Q3,6.84257575757576,6.65545454545455,6.27530303030303,5.84969696969697,5.50833333333333,5.29636363636364,5.20954545454545,5.21924242424242,5.29257575757576,5.39924242424242,5.51909090909091,5.63363636363636,5.73681818181818,5.82272727272727,5.89060606060606,5.93954545454545,5.97106060606061,5.98909090909091,5.99409090909091,5.99045454545455,5.97954545454545,5.9630303030303,5.94409090909091,5.92363636363636,5.90333333333333,5.88363636363636,5.86575757575758,5.85075757575758,5.83727272727273,5.8280303030303,5.82287878787879,5.82030303030303,5.82121212121212,5.82621212121212,5.83318181818182,5.84484848484848,5.85818181818182,5.87590909090909,5.89469696969697,5.91818181818182
"63",2008 Q4,3.80015625,3.31765625,3.286875,3.4359375,3.64171875,3.846875,4.0309375,4.18828125,4.31890625,4.426875,4.51796875,4.5934375,4.66,4.716875,4.76921875,4.81765625,4.86265625,4.905625,4.9475,4.98734375,5.02703125,5.06484375,5.1034375,5.13984375,5.17640625,5.2121875,5.24609375,5.280625,5.3128125,5.34515625,5.37625,5.405,5.43359375,5.46125,5.48671875,5.5125,5.53625,5.559375,5.58125,5.6021875
"64",2009 Q1,2.86903225806452,2.56467741935484,2.46790322580645,2.47483870967742,2.53177419354839,2.61193548387097,2.70177419354839,2.79387096774194,2.88612903225806,2.97596774193548,3.06112903225806,3.14225806451613,3.21854838709677,3.29064516129032,3.35870967741935,3.42306451612903,3.48322580645161,3.53935483870968,3.59387096774194,3.64532258064516,3.69387096774194,3.73935483870968,3.78370967741935,3.8258064516129,3.86548387096774,3.90290322580645,3.93935483870968,3.9741935483871,4.00774193548387,4.03951612903226,4.06967741935484,4.09935483870968,4.12870967741936,4.15532258064516,4.18177419354839,4.20677419354839,4.2308064516129,4.25467741935484,4.27629032258065,4.29903225806452
"65",2009 Q2,2.83822580645161,2.7408064516129,2.74564516129032,2.83016129032258,2.96354838709677,3.12177419354839,3.28870967741935,3.45354838709677,3.6091935483871,3.75322580645161,3.88451612903226,4.00129032258064,4.10661290322581,4.19951612903226,4.28193548387097,4.35532258064516,4.42016129032258,4.47806451612903,4.53064516129032,4.57806451612903,4.62112903225806,4.6608064516129,4.69709677419355,4.73161290322581,4.76274193548387,4.79241935483871,4.82112903225806,4.84822580645161,4.87467741935484,4.90016129032258,4.92451612903226,4.94854838709677,4.97177419354839,4.99435483870968,5.01661290322581,5.03854838709677,5.06112903225806,5.08161290322581,5.10306451612903,5.12290322580645
"66",2009 Q3,3.04530303030303,3.18575757575758,3.3680303030303,3.565,3.76484848484848,3.95939393939394,4.1419696969697,4.30984848484848,4.46045454545455,4.59484848484848,4.71242424242424,4.81469696969697,4.90242424242424,4.97772727272727,5.04,5.09469696969697,5.13878787878788,5.1769696969697,5.20893939393939,5.23469696969697,5.25727272727273,5.27560606060606,5.29227272727273,5.30590909090909,5.31818181818182,5.32984848484849,5.34,5.34939393939394,5.35848484848485,5.36742424242424,5.37651515151515,5.38606060606061,5.39575757575758,5.40454545454545,5.41348484848485,5.42409090909091,5.43439393939394,5.44545454545455,5.45712121212121,5.46878787878788
"67",2009 Q4,3.69765625,3.94328125,4.1396875,4.29,4.4103125,4.51140625,4.60109375,4.68296875,4.7575,4.826875,4.89109375,4.94890625,5.000625,5.04734375,5.08921875,5.12609375,5.15734375,5.1859375,5.21015625,5.23109375,5.25140625,5.26796875,5.2828125,5.2965625,5.30921875,5.321875,5.3328125,5.34359375,5.3534375,5.36515625,5.3740625,5.38515625,5.3953125,5.40625,5.41703125,5.42859375,5.44046875,5.4528125,5.4653125,5.478125
"68",2010 Q1,3.98516129032258,4.17096774193548,4.3091935483871,4.40274193548387,4.47064516129032,4.52903225806452,4.58467741935484,4.64225806451613,4.70209677419355,4.76177419354839,4.82322580645161,4.88274193548387,4.9391935483871,4.99322580645161,5.04306451612903,5.09,5.13258064516129,5.17161290322581,5.20725806451613,5.2391935483871,5.26838709677419,5.2941935483871,5.31790322580645,5.3391935483871,5.35983870967742,5.37838709677419,5.39596774193548,5.4108064516129,5.42677419354839,5.44177419354839,5.45435483870968,5.46870967741935,5.48209677419355,5.49532258064516,5.50806451612903,5.52112903225806,5.53451612903226,5.54709677419355,5.55983870967742,5.57370967741936
"69",2010 Q2,4.46245901639344,4.5355737704918,4.57688524590164,4.6,4.61803278688525,4.64147540983607,4.6727868852459,4.7127868852459,4.7583606557377,4.80737704918033,4.86,4.91147540983607,4.96081967213115,5.00819672131148,5.05245901639344,5.09180327868852,5.12868852459016,5.16196721311475,5.19180327868852,5.21803278688525,5.24262295081967,5.26344262295082,5.2844262295082,5.30147540983607,5.31836065573771,5.33295081967213,5.34704918032787,5.36065573770492,5.3727868852459,5.38540983606557,5.39819672131147,5.40967213114754,5.42180327868852,5.43229508196721,5.44426229508197,5.45590163934426,5.46770491803279,5.48032786885246,5.49229508196721,5.50573770491803
"70",2010 Q3,4.52772727272727,4.57666666666667,4.58924242424242,4.57181818181818,4.54439393939394,4.51924242424242,4.50060606060606,4.4930303030303,4.49545454545455,4.50575757575758,4.52242424242424,4.54272727272727,4.56666666666667,4.59227272727273,4.61787878787879,4.64378787878788,4.66818181818182,4.69212121212121,4.71530303030303,4.73787878787879,4.75772727272727,4.77772727272727,4.7969696969697,4.81515151515152,4.83151515151515,4.84757575757576,4.86393939393939,4.87893939393939,4.89378787878788,4.9080303030303,4.92212121212121,4.93590909090909,4.94969696969697,4.9630303030303,4.97712121212121,4.99075757575758,5.00409090909091,5.01757575757576,5.03166666666667,5.04454545454545
"71",2010 Q4,4.7009375,4.77453125,4.83046875,4.86640625,4.8875,4.90234375,4.9153125,4.92890625,4.9434375,4.9603125,4.97765625,4.9959375,5.0153125,5.0334375,5.05078125,5.06953125,5.0865625,5.10171875,5.1175,5.13203125,5.14640625,5.16,5.1721875,5.18421875,5.19609375,5.20640625,5.2171875,5.22765625,5.2378125,5.24671875,5.25671875,5.26453125,5.2740625,5.28234375,5.29078125,5.29921875,5.3071875,5.31578125,5.3234375,5.33078125
"72",2011 Q1,4.7358064516129,4.77774193548387,4.81,4.83193548387097,4.84806451612903,4.86177419354839,4.88096774193548,4.9041935483871,4.93161290322581,4.96161290322581,4.99403225806452,5.02709677419355,5.06145161290323,5.09354838709677,5.12532258064516,5.15548387096774,5.18467741935484,5.21145161290323,5.23677419354839,5.26064516129032,5.28241935483871,5.30258064516129,5.32209677419355,5.33903225806452,5.3558064516129,5.3708064516129,5.38548387096774,5.39887096774194,5.41290322580645,5.4241935483871,5.43661290322581,5.44774193548387,5.45887096774194,5.46903225806452,5.4791935483871,5.48887096774194,5.49822580645161,5.50758064516129,5.51629032258065,5.52467741935484
"73",2011 Q2,4.75754098360656,4.80344262295082,4.82868852459016,4.83213114754098,4.82524590163934,4.81819672131148,4.81459016393443,4.81852459016393,4.8272131147541,4.84180327868852,4.86213114754098,4.8827868852459,4.90590163934426,4.93032786885246,4.95475409836066,4.97803278688525,5.00213114754098,5.02459016393443,5.04590163934426,5.06606557377049,5.0855737704918,5.1027868852459,5.12,5.13590163934426,5.1516393442623,5.16639344262295,5.18032786885246,5.19344262295082,5.20524590163934,5.21803278688525,5.22983606557377,5.24131147540984,5.25180327868852,5.26262295081967,5.27245901639344,5.28311475409836,5.29229508196721,5.30245901639344,5.31213114754098,5.32213114754098
"74",2011 Q3,4.46430769230769,4.25307692307692,4.11,4.01492307692308,3.95492307692308,3.91892307692308,3.90046153846154,3.89261538461538,3.89276923076923,3.90030769230769,3.91215384615385,3.92907692307692,3.94707692307692,3.96830769230769,3.99138461538462,4.01553846153846,4.04015384615385,4.06769230769231,4.09415384615385,4.12138461538462,4.14984615384615,4.17784615384615,4.20569230769231,4.234,4.26153846153846,4.28892307692308,4.31569230769231,4.342,4.36815384615385,4.39338461538462,4.41784615384615,4.44169230769231,4.46584615384615,4.488,4.51030769230769,4.53184615384615,4.55246153846154,4.57230769230769,4.59246153846154,4.61061538461539
"75",2011 Q4,4.16564516129032,3.88467741935484,3.68354838709677,3.54951612903226,3.46435483870968,3.41225806451613,3.38403225806452,3.37064516129032,3.37,3.3758064516129,3.38758064516129,3.40322580645161,3.42241935483871,3.44596774193548,3.47,3.49661290322581,3.52483870967742,3.55451612903226,3.58370967741935,3.61403225806452,3.64612903225806,3.67822580645161,3.71,3.74193548387097,3.77387096774194,3.805,3.83693548387097,3.86838709677419,3.89887096774194,3.92887096774194,3.95838709677419,3.98838709677419,4.01661290322581,4.04435483870968,4.07016129032258,4.09806451612903,4.12241935483871,4.14758064516129,4.17225806451613,4.19532258064516
"76",2012 Q1,4.07111111111111,3.90809523809524,3.7731746031746,3.66825396825397,3.58920634920635,3.53206349206349,3.4931746031746,3.46793650793651,3.45206349206349,3.44555555555556,3.44587301587302,3.45063492063492,3.45920634920635,3.47079365079365,3.4852380952381,3.50222222222222,3.5215873015873,3.54142857142857,3.5615873015873,3.58444444444444,3.60650793650794,3.63079365079365,3.65396825396825,3.67825396825397,3.70349206349206,3.72873015873016,3.75380952380952,3.77920634920635,3.8047619047619,3.83031746031746,3.8552380952381,3.88,3.90428571428571,3.93,3.95380952380952,3.97809523809524,4.00174603174603,4.02507936507936,4.04904761904762,4.07095238095238
"77",2012 Q2,3.4772131147541,3.24967213114754,3.08409836065574,2.95950819672131,2.86213114754098,2.78868852459016,2.73491803278689,2.69803278688525,2.67459016393443,2.66262295081967,2.66032786885246,2.66459016393443,2.67491803278689,2.69032786885246,2.70918032786885,2.7316393442623,2.75590163934426,2.78180327868852,2.80934426229508,2.83770491803279,2.86704918032787,2.89770491803279,2.92704918032787,2.9572131147541,2.98786885245902,3.01819672131148,3.04918032786885,3.07868852459016,3.1083606557377,3.13836065573771,3.16737704918033,3.19590163934426,3.22459016393443,3.25180327868852,3.27950819672131,3.30672131147541,3.33311475409836,3.35868852459016,3.38327868852459,3.40901639344262
"78",2012 Q3,3.26923076923077,3.13476923076923,3.02015384615385,2.91353846153846,2.81676923076923,2.73353846153846,2.66492307692308,2.61246153846154,2.57261538461538,2.54692307692308,2.52892307692308,2.52169230769231,2.52046153846154,2.52461538461538,2.53353846153846,2.54661538461538,2.56276923076923,2.58092307692308,2.60092307692308,2.62215384615385,2.64615384615385,2.66938461538462,2.69353846153846,2.71892307692308,2.74492307692308,2.77,2.79646153846154,2.82246153846154,2.84907692307692,2.87507692307692,2.90138461538462,2.92830769230769,2.95307692307692,2.98015384615385,3.00507692307692,3.03046153846154,3.056,3.08061538461538,3.10446153846154,3.12876923076923
"79",2012 Q4,2.98875,2.88796875,2.8121875,2.74515625,2.68734375,2.6409375,2.6065625,2.58234375,2.5678125,2.56140625,2.56203125,2.566875,2.57640625,2.58859375,2.6034375,2.62078125,2.63890625,2.65796875,2.6778125,2.6996875,2.72140625,2.74390625,2.7665625,2.79015625,2.81359375,2.83734375,2.8615625,2.88625,2.91078125,2.93578125,2.9603125,2.98546875,3.0103125,3.03546875,3.06109375,3.08515625,3.11,3.13515625,3.15953125,3.184375
"80",2013 Q1,2.84540983606557,2.80147540983607,2.78049180327869,2.76426229508197,2.75229508196721,2.74606557377049,2.74590163934426,2.75229508196721,2.7644262295082,2.78,2.79918032786885,2.81967213114754,2.84295081967213,2.86573770491803,2.89081967213115,2.91393442622951,2.93770491803279,2.96229508196721,2.98590163934426,3.01016393442623,3.03475409836066,3.05901639344262,3.08327868852459,3.10786885245902,3.13262295081967,3.1572131147541,3.18229508196721,3.20737704918033,3.23344262295082,3.25868852459016,3.28393442622951,3.31032786885246,3.33508196721311,3.36147540983607,3.38819672131148,3.41377049180328,3.43983606557377,3.46622950819672,3.49229508196721,3.51754098360656
"81",2013 Q2,2.67338709677419,2.65145161290323,2.64161290322581,2.6208064516129,2.59516129032258,2.57274193548387,2.55983870967742,2.55741935483871,2.56451612903226,2.58048387096774,2.60290322580645,2.63048387096774,2.66,2.69241935483871,2.72516129032258,2.75838709677419,2.79193548387097,2.82306451612903,2.85564516129032,2.88645161290323,2.91596774193548,2.94516129032258,2.97306451612903,3.00112903225806,3.02854838709677,3.05451612903226,3.08016129032258,3.10677419354839,3.13177419354839,3.15693548387097,3.18209677419355,3.20693548387097,3.23145161290323,3.2558064516129,3.28,3.30387096774194,3.32854838709677,3.35274193548387,3.37629032258065,3.40032258064516
"82",2013 Q3,2.44753846153846,2.41692307692308,2.414,2.42030769230769,2.43215384615385,2.45353846153846,2.48630769230769,2.52615384615385,2.57523076923077,2.63030769230769,2.68907692307692,2.74953846153846,2.81292307692308,2.87507692307692,2.93661538461538,2.99876923076923,3.05753846153846,3.11553846153846,3.17061538461538,3.22384615384615,3.27615384615385,3.32615384615385,3.37446153846154,3.42,3.46476923076923,3.50769230769231,3.54892307692308,3.58846153846154,3.62646153846154,3.66446153846154,3.70076923076923,3.73523076923077,3.76892307692308,3.80138461538462,3.83369230769231,3.86415384615385,3.89430769230769,3.92384615384615,3.952,3.97876923076923
"83",2013 Q4,2.43269841269841,2.44238095238095,2.46873015873016,2.49825396825397,2.53444444444444,2.57857142857143,2.63206349206349,2.69238095238095,2.75714285714286,2.82634920634921,2.8968253968254,2.96873015873016,3.03984126984127,3.1084126984127,3.17539682539683,3.24047619047619,3.30333333333333,3.36222222222222,3.41920634920635,3.47380952380952,3.52634920634921,3.57603174603175,3.62333333333333,3.66936507936508,3.71285714285714,3.7552380952381,3.79587301587302,3.83460317460317,3.87301587301587,3.90920634920635,3.94396825396825,3.97873015873016,4.01142857142857,4.04380952380952,4.07460317460317,4.10555555555556,4.13555555555556,4.16396825396825,4.19238095238095,4.22015873015873
"84",2014 Q1,2.47064516129032,2.47161290322581,2.47709677419355,2.49177419354839,2.51532258064516,2.55322580645161,2.60322580645161,2.66129032258065,2.72661290322581,2.79629032258065,2.86806451612903,2.94048387096774,3.01112903225806,3.08145161290323,3.14774193548387,3.21209677419355,3.27451612903226,3.33370967741935,3.39032258064516,3.44467741935484,3.4958064516129,3.54516129032258,3.59177419354839,3.63774193548387,3.68048387096774,3.72241935483871,3.76241935483871,3.80177419354839,3.83983870967742,3.87516129032258,3.91032258064516,3.94467741935484,3.97774193548387,4.00935483870968,4.0408064516129,4.07161290322581,4.10129032258065,4.13,4.1591935483871,4.18693548387097
"85",2014 Q2,2.48213114754098,2.48508196721312,2.49196721311475,2.50475409836066,2.52754098360656,2.55950819672131,2.60016393442623,2.64934426229508,2.7027868852459,2.75754098360656,2.81491803278689,2.87098360655738,2.92590163934426,2.98032786885246,3.03245901639344,3.08295081967213,3.13163934426229,3.1772131147541,3.22098360655738,3.26295081967213,3.30327868852459,3.34245901639344,3.38098360655738,3.41704918032787,3.45196721311475,3.48573770491803,3.51852459016393,3.55147540983607,3.58180327868852,3.61262295081967,3.64245901639344,3.67163934426229,3.70032786885246,3.72819672131148,3.75491803278689,3.78163934426229,3.80786885245902,3.83426229508197,3.85901639344262,3.88409836065574
"86",2014 Q3,2.47307692307692,2.46153846153846,2.45276923076923,2.45046153846154,2.45753846153846,2.47415384615385,2.49892307692308,2.53061538461538,2.56569230769231,2.60507692307692,2.64615384615385,2.68753846153846,2.72861538461538,2.76876923076923,2.80815384615385,2.84584615384615,2.88353846153846,2.92,2.95446153846154,2.98907692307692,3.02215384615385,3.05384615384615,3.08553846153846,3.116,3.14584615384615,3.17553846153846,3.204,3.23307692307692,3.26076923076923,3.28723076923077,3.31446153846154,3.34061538461538,3.36692307692308,3.39246153846154,3.41769230769231,3.44215384615385,3.46676923076923,3.49046153846154,3.51430769230769,3.53707692307692
"87",2014 Q4,2.45380952380952,2.44095238095238,2.42269841269841,2.40031746031746,2.38111111111111,2.36888888888889,2.36603174603175,2.37206349206349,2.38539682539683,2.40412698412698,2.4284126984127,2.45555555555556,2.48587301587302,2.51650793650794,2.5484126984127,2.58079365079365,2.61238095238095,2.64460317460317,2.67603174603175,2.70666666666667,2.73793650793651,2.76777777777778,2.79634920634921,2.82507936507937,2.85412698412698,2.88142857142857,2.90888888888889,2.93634920634921,2.96253968253968,2.98809523809524,3.0147619047619,3.03888888888889,3.06460317460317,3.08857142857143,3.11285714285714,3.13507936507937,3.15952380952381,3.18206349206349,3.20428571428571,3.22634920634921
"88",2015 Q1,2.16887096774194,2.08870967741935,2.0341935483871,1.9891935483871,1.95177419354839,1.92354838709677,1.9041935483871,1.89241935483871,1.88838709677419,1.89161290322581,1.8991935483871,1.91225806451613,1.92741935483871,1.94596774193548,1.96661290322581,1.98870967741935,2.01193548387097,2.03564516129032,2.06096774193548,2.08629032258065,2.11129032258065,2.13661290322581,2.16306451612903,2.18822580645161,2.21403225806452,2.23903225806452,2.2641935483871,2.28838709677419,2.31403225806452,2.33903225806452,2.36322580645161,2.38693548387097,2.40983870967742,2.43338709677419,2.45612903225806,2.47854838709677,2.5008064516129,2.52177419354839,2.54258064516129,2.56354838709677
"89",2015 Q2,1.97629032258065,1.93112903225806,1.90516129032258,1.88516129032258,1.87032258064516,1.86290322580645,1.86177419354839,1.86725806451613,1.87983870967742,1.89790322580645,1.91951612903226,1.94548387096774,1.97451612903226,2.00564516129032,2.03741935483871,2.07064516129032,2.10548387096774,2.1408064516129,2.17387096774194,2.20935483870968,2.24451612903226,2.2791935483871,2.31241935483871,2.34677419354839,2.38048387096774,2.41225806451613,2.44532258064516,2.47693548387097,2.50774193548387,2.53822580645161,2.56806451612903,2.59725806451613,2.62596774193548,2.65370967741935,2.6808064516129,2.70822580645161,2.73403225806452,2.75983870967742,2.78483870967742,2.80806451612903
"90",2015 Q3,1.91846153846154,1.88615384615385,1.86123076923077,1.83646153846154,1.81507692307692,1.80107692307692,1.79492307692308,1.79723076923077,1.80784615384615,1.82569230769231,1.84846153846154,1.87661538461538,1.90830769230769,1.94261538461538,1.97876923076923,2.01723076923077,2.05615384615385,2.09646153846154,2.13661538461538,2.17661538461538,2.21753846153846,2.25646153846154,2.29615384615385,2.33461538461538,2.37323076923077,2.41092307692308,2.44784615384615,2.48430769230769,2.51984615384615,2.55476923076923,2.58846153846154,2.62169230769231,2.65446153846154,2.68569230769231,2.71615384615385,2.74707692307692,2.77584615384615,2.80476923076923,2.83307692307692,2.85953846153846
"91",2015 Q4,1.92825396825397,1.88031746031746,1.85015873015873,1.83333333333333,1.82793650793651,1.83285714285714,1.84634920634921,1.8652380952381,1.88857142857143,1.91619047619048,1.94460317460317,1.97698412698413,2.00873015873016,2.04269841269841,2.07587301587302,2.11047619047619,2.14492063492064,2.17904761904762,2.21412698412698,2.24825396825397,2.28253968253968,2.31650793650794,2.35063492063492,2.38412698412698,2.41730158730159,2.44952380952381,2.48190476190476,2.5131746031746,2.54555555555556,2.57650793650794,2.6068253968254,2.63619047619048,2.66603174603175,2.69507936507937,2.72333333333333,2.75126984126984,2.77825396825397,2.80476190476191,2.83063492063492,2.85634920634921
"92",2016 Q1,1.92295081967213,1.88098360655738,1.84688524590164,1.81819672131148,1.79672131147541,1.78622950819672,1.78622950819672,1.79508196721311,1.81081967213115,1.83098360655738,1.85655737704918,1.88295081967213,1.91196721311475,1.94131147540984,1.97032786885246,2.00131147540984,2.03032786885246,2.06032786885246,2.08934426229508,2.11819672131148,2.14622950819672,2.1744262295082,2.20245901639344,2.23,2.25688524590164,2.28393442622951,2.31032786885246,2.33622950819672,2.36196721311475,2.38819672131148,2.41311475409836,2.43819672131148,2.46295081967213,2.48770491803279,2.51180327868852,2.53573770491803,2.55901639344262,2.58245901639344,2.6055737704918,2.62852459016393
"93",2016 Q2,1.72174603174603,1.68761904761905,1.66126984126984,1.63396825396825,1.61253968253968,1.60031746031746,1.59666666666667,1.60380952380952,1.61920634920635,1.63936507936508,1.66555555555556,1.69285714285714,1.72142857142857,1.74968253968254,1.77920634920635,1.80777777777778,1.8352380952381,1.86206349206349,1.88714285714286,1.9131746031746,1.93746031746032,1.96190476190476,1.98507936507936,2.00825396825397,2.03,2.05380952380952,2.07555555555556,2.09873015873016,2.12031746031746,2.14269841269841,2.16460317460317,2.18603174603175,2.20777777777778,2.23015873015873,2.25142857142857,2.27269841269841,2.29492063492064,2.3168253968254,2.33793650793651,2.35968253968254
"94",2016 Q3,1.48606060606061,1.45045454545455,1.42590909090909,1.40272727272727,1.38727272727273,1.38060606060606,1.38484848484848,1.39666666666667,1.41530303030303,1.43651515151515,1.46,1.48515151515152,1.50833333333333,1.53227272727273,1.55484848484848,1.57484848484848,1.59560606060606,1.61333333333333,1.63151515151515,1.64833333333333,1.66484848484848,1.67939393939394,1.69575757575758,1.71,1.72560606060606,1.74015151515152,1.75606060606061,1.77090909090909,1.78727272727273,1.80348484848485,1.81984848484848,1.83545454545455,1.85318181818182,1.86924242424242,1.88712121212121,1.905,1.9219696969697,1.94030303030303,1.95848484848485,1.9769696969697
"95",2016 Q4,1.46015873015873,1.4568253968254,1.4615873015873,1.47444444444444,1.4968253968254,1.52984126984127,1.57031746031746,1.61603174603175,1.6647619047619,1.71380952380952,1.76238095238095,1.80936507936508,1.8531746031746,1.8947619047619,1.93365079365079,1.96968253968254,2.00269841269841,2.03444444444444,2.06301587301587,2.09111111111111,2.11746031746032,2.14222222222222,2.16714285714286,2.19206349206349,2.21571428571429,2.23857142857143,2.26174603174603,2.2847619047619,2.30761904761905,2.33095238095238,2.35206349206349,2.37634920634921,2.39904761904762,2.42222222222222,2.4447619047619,2.46761904761905,2.49047619047619,2.5131746031746,2.53603174603175,2.56
"96",2017 Q1,1.47269841269841,1.4784126984127,1.49460317460317,1.52349206349206,1.5631746031746,1.6131746031746,1.66857142857143,1.72920634920635,1.79063492063492,1.85015873015873,1.90952380952381,1.96444444444444,2.0168253968254,2.06460317460317,2.10936507936508,2.15142857142857,2.18984126984127,2.22587301587302,2.25984126984127,2.29222222222222,2.32238095238095,2.35206349206349,2.38,2.40714285714286,2.43428571428571,2.46031746031746,2.48619047619048,2.51174603174603,2.53761904761905,2.56206349206349,2.5884126984127,2.61301587301587,2.63793650793651,2.66301587301587,2.68746031746032,2.71222222222222,2.73730158730159,2.7615873015873,2.78650793650794,2.81079365079365
"97",2017 Q2,1.46491803278689,1.4783606557377,1.48868852459016,1.49508196721311,1.50459016393443,1.52409836065574,1.55229508196721,1.58950819672131,1.63229508196721,1.67803278688525,1.72590163934426,1.77475409836066,1.8216393442623,1.86590163934426,1.90770491803279,1.94688524590164,1.9844262295082,2.02016393442623,2.05196721311475,2.08295081967213,2.11229508196721,2.13950819672131,2.16622950819672,2.19196721311475,2.21606557377049,2.24,2.26393442622951,2.28655737704918,2.31032786885246,2.33213114754098,2.35475409836066,2.37639344262295,2.3983606557377,2.42032786885246,2.44295081967213,2.46508196721311,2.48688524590164,2.50803278688525,2.53032786885246,2.55262295081967
"98",2017 Q3,1.47476923076923,1.51123076923077,1.54646153846154,1.57923076923077,1.61307692307692,1.652,1.69815384615385,1.74815384615385,1.80338461538462,1.85830769230769,1.91292307692308,1.96615384615385,2.01538461538462,2.06261538461538,2.10692307692308,2.14661538461538,2.18369230769231,2.21784615384615,2.24984615384615,2.27876923076923,2.30553846153846,2.33184615384615,2.35615384615385,2.37938461538462,2.40061538461538,2.42261538461538,2.44292307692308,2.46338461538462,2.48276923076923,2.50230769230769,2.52153846153846,2.54169230769231,2.56107692307692,2.58015384615385,2.59969230769231,2.61892307692308,2.63769230769231,2.65692307692308,2.67615384615385,2.69569230769231
"99",2017 Q4,1.47761904761905,1.50539682539683,1.53873015873016,1.57507936507937,1.61746031746032,1.66587301587302,1.71904761904762,1.77587301587302,1.83365079365079,1.89079365079365,1.94666666666667,1.99825396825397,2.04666666666667,2.09047619047619,2.13206349206349,2.16952380952381,2.20253968253968,2.23365079365079,2.26222222222222,2.28825396825397,2.31238095238095,2.33507936507937,2.35698412698413,2.37714285714286,2.39666666666667,2.41587301587302,2.43428571428571,2.45301587301587,2.47,2.48809523809524,2.50634920634921,2.52365079365079,2.54095238095238,2.55873015873016,2.5768253968254,2.59396825396825,2.61238095238095,2.63031746031746,2.64809523809524,2.66539682539683
"100",2018 Q1,1.47790322580645,1.50209677419355,1.54354838709677,1.59532258064516,1.6591935483871,1.72645161290323,1.79822580645161,1.87032258064516,1.94145161290323,2.00903225806452,2.07129032258065,2.12790322580645,2.18096774193548,2.22870967741935,2.27064516129032,2.3091935483871,2.34403225806452,2.375,2.4041935483871,2.43064516129032,2.45354838709677,2.47483870967742,2.49709677419355,2.51612903225806,2.5358064516129,2.55451612903226,2.57096774193548,2.58935483870968,2.6058064516129,2.62225806451613,2.63822580645161,2.65483870967742,2.67145161290323,2.68758064516129,2.70354838709677,2.71983870967742,2.73596774193548,2.75225806451613,2.76822580645161,2.78387096774194
"101",2018 Q2,1.48354838709677,1.48532258064516,1.51370967741935,1.56725806451613,1.63935483870968,1.71983870967742,1.80370967741935,1.88661290322581,1.96548387096774,2.03774193548387,2.10338709677419,2.16209677419355,2.21354838709677,2.2591935483871,2.29887096774194,2.3341935483871,2.36612903225806,2.39435483870968,2.41887096774194,2.44193548387097,2.46225806451613,2.48016129032258,2.49854838709677,2.51532258064516,2.53193548387097,2.54725806451613,2.56290322580645,2.57693548387097,2.59225806451613,2.60645161290323,2.62129032258064,2.635,2.65096774193548,2.6641935483871,2.67967741935484,2.69274193548387,2.70854838709677,2.72161290322581,2.73725806451613,2.75064516129032
"102",2018 Q3,1.48015384615385,1.47738461538462,1.50246153846154,1.55307692307692,1.61892307692308,1.69292307692308,1.76738461538462,1.83892307692308,1.90646153846154,1.96707692307692,2.022,2.06969230769231,2.11123076923077,2.14938461538462,2.18323076923077,2.21261538461538,2.23784615384615,2.26184615384615,2.28369230769231,2.30384615384615,2.32276923076923,2.34107692307692,2.35815384615385,2.37492307692308,2.39184615384615,2.40753846153846,2.42369230769231,2.43876923076923,2.45446153846154,2.47046153846154,2.48661538461538,2.50107692307692,2.51769230769231,2.532,2.54784615384615,2.56307692307692,2.578,2.59292307692308,2.60876923076923,2.62323076923077
"103",2018 Q4,1.4846875,1.47984375,1.49953125,1.543125,1.60078125,1.66796875,1.73765625,1.80609375,1.87078125,1.9315625,1.98609375,2.03484375,2.07859375,2.1175,2.153125,2.18328125,2.211875,2.23734375,2.26171875,2.2825,2.303125,2.32234375,2.34109375,2.35875,2.37609375,2.393125,2.41,2.4259375,2.44203125,2.45875,2.47390625,2.4903125,2.50546875,2.52203125,2.53796875,2.55328125,2.56953125,2.58390625,2.60015625,2.615625
"104",2019 Q1,1.45193548387097,1.4158064516129,1.4008064516129,1.40548387096774,1.42451612903226,1.45451612903226,1.48790322580645,1.52322580645161,1.55741935483871,1.59,1.62096774193548,1.64887096774194,1.67483870967742,1.69758064516129,1.71790322580645,1.73758064516129,1.75532258064516,1.77193548387097,1.78903225806452,1.80435483870968,1.82016129032258,1.83403225806452,1.84967741935484,1.8641935483871,1.87983870967742,1.89516129032258,1.90983870967742,1.92612903225806,1.94096774193548,1.95790322580645,1.97322580645161,1.99,2.00516129032258,2.02258064516129,2.03822580645161,2.055,2.07129032258065,2.08774193548387,2.10483870967742,2.12016129032258
"105",2019 Q2,1.23491803278689,1.14852459016393,1.10147540983607,1.07524590163934,1.06508196721311,1.06524590163934,1.07590163934426,1.09262295081967,1.11344262295082,1.13639344262295,1.16147540983607,1.18540983606557,1.20868852459016,1.2327868852459,1.25360655737705,1.27393442622951,1.29245901639344,1.30950819672131,1.32786885245902,1.34459016393443,1.35885245901639,1.37475409836066,1.39016393442623,1.40377049180328,1.4183606557377,1.43327868852459,1.44704918032787,1.46229508196721,1.47573770491803,1.49180327868852,1.50475409836066,1.52049180327869,1.53622950819672,1.55065573770492,1.56639344262295,1.58081967213115,1.59655737704918,1.6127868852459,1.62754098360656,1.64327868852459
"106",2019 Q3,0.840606060606061,0.759545454545455,0.710151515151515,0.680454545454545,0.666515151515152,0.666060606060606,0.675151515151515,0.692121212121212,0.714393939393939,0.738484848484849,0.762727272727273,0.785757575757576,0.807424242424242,0.827727272727273,0.846060606060606,0.861969696969697,0.876212121212121,0.888636363636364,0.900757575757576,0.91030303030303,0.92,0.929242424242424,0.937272727272727,0.945151515151515,0.954848484848485,0.961818181818182,0.970909090909091,0.978787878787879,0.988787878787879,0.997424242424242,1.00712121212121,1.01772727272727,1.02772727272727,1.03878787878788,1.04969696969697,1.06106060606061,1.07363636363636,1.08575757575758,1.09848484848485,1.11106060606061
"107",2019 Q4,0.651875,0.60265625,0.573125,0.56015625,0.56078125,0.57328125,0.5940625,0.6215625,0.651875,0.6828125,0.713125,0.7425,0.769375,0.79421875,0.81609375,0.8359375,0.85453125,0.87,0.88515625,0.89765625,0.91,0.92234375,0.93328125,0.9434375,0.95421875,0.96515625,0.9759375,0.98640625,0.99734375,1.00828125,1.01984375,1.0315625,1.04296875,1.055,1.068125,1.08046875,1.0925,1.10578125,1.11890625,1.13328125
"108",2020 Q1,0.505396825396825,0.455714285714286,0.433015873015873,0.426349206349206,0.431111111111111,0.445873015873016,0.467619047619048,0.493968253968254,0.522380952380952,0.551428571428571,0.58,0.607301587301587,0.631904761904762,0.654285714285714,0.675714285714286,0.693968253968254,0.710793650793651,0.725714285714286,0.73968253968254,0.753809523809524,0.766031746031746,0.777777777777778,0.78968253968254,0.801587301587302,0.813650793650794,0.824285714285714,0.836825396825397,0.848730158730159,0.861111111111111,0.873492063492064,0.886507936507936,0.9,0.914126984126984,0.927777777777778,0.942380952380952,0.957142857142857,0.971428571428571,0.986349206349206,1.00190476190476,1.01809523809524
"109",2020 Q2,0.11758064516129,0.134354838709677,0.144516129032258,0.147741935483871,0.150483870967742,0.155161290322581,0.165,0.178870967741935,0.197741935483871,0.219516129032258,0.241935483870968,0.266774193548387,0.290645161290323,0.314677419354839,0.339032258064516,0.36241935483871,0.386774193548387,0.408548387096774,0.432096774193548,0.455483870967742,0.476290322580645,0.499516129032258,0.521935483870968,0.543870967741936,0.566451612903226,0.589354838709677,0.612258064516129,0.635161290322581,0.658225806451613,0.681451612903226,0.704677419354839,0.728387096774194,0.75258064516129,0.775483870967742,0.799516129032258,0.822903225806452,0.84758064516129,0.871451612903226,0.895483870967742,0.919032258064516
"110",2020 Q3,0.0963076923076923,0.114615384615385,0.126,0.129384615384615,0.130153846153846,0.134615384615385,0.144461538461538,0.16,0.18,0.203538461538462,0.229846153846154,0.256153846153846,0.283846153846154,0.310923076923077,0.337846153846154,0.363384615384615,0.389538461538462,0.412923076923077,0.436769230769231,0.460307692307692,0.482923076923077,0.505846153846154,0.527846153846154,0.55,0.572615384615385,0.594153846153846,0.616153846153846,0.639076923076923,0.661846153846154,0.682769230769231,0.706461538461538,0.728615384615385,0.751846153846154,0.775230769230769,0.797692307692308,0.820615384615385,0.844153846153846,0.867692307692308,0.89,0.913230769230769
"111",2020 Q4,0.0288888888888889,0.0461904761904762,0.056984126984127,0.0547619047619048,0.0482539682539683,0.0420634920634921,0.0411111111111111,0.0465079365079365,0.0577777777777778,0.0734920634920635,0.0928571428571429,0.115396825396825,0.13968253968254,0.166984126984127,0.193968253968254,0.220793650793651,0.248730158730159,0.277619047619048,0.305714285714286,0.333809523809524,0.361587301587302,0.390793650793651,0.418730158730159,0.446666666666667,0.475714285714286,0.503333333333333,0.531746031746032,0.55968253968254,0.588095238095238,0.615873015873016,0.644444444444444,0.673174603174603,0.701269841269841,0.729523809523809,0.756984126984127,0.785714285714286,0.813650793650794,0.84015873015873,0.867777777777778,0.894761904761905
"112",2021 Q1,-0.00435483870967742,0.0383870967741936,0.0590322580645161,0.0479032258064516,0.0285483870967742,0.00967741935483871,0.00129032258064516,0.00645161290322581,0.0232258064516129,0.0509677419354839,0.0875806451612903,0.131935483870968,0.18258064516129,0.235322580645161,0.289032258064516,0.345161290322581,0.401290322580645,0.457258064516129,0.512903225806452,0.566935483870968,0.620322580645161,0.672741935483871,0.723387096774194,0.773064516129032,0.821451612903226,0.868548387096774,0.914838709677419,0.958548387096774,1.00274193548387,1.04483870967742,1.08645161290323,1.12741935483871,1.16677419354839,1.20467741935484,1.24258064516129,1.27903225806452,1.31532258064516,1.35032258064516,1.38435483870968,1.41822580645161
