"exchange_date","close"
1993-01-01,1536.5
1993-02-01,1620.2
1993-03-01,1674.5
1993-04-01,1685.2
1993-05-01,1737.4
1993-06-01,1734.6
1993-07-01,1837.1
1993-08-01,1961.6
1993-09-01,1919.8
1993-10-01,2070.6
1993-11-01,1953.7
1993-12-01,2113.6
1994-01-01,2244.4
1994-02-01,2112
1994-03-01,1980.1
1994-04-01,2004.2
1994-05-01,2021.2
1994-06-01,1931.1
1994-07-01,2003.5
1994-08-01,2063.9
1994-09-01,1967.7
1994-10-01,1980.9
1994-11-01,1833.8
1994-12-01,1857.4
1995-01-01,1784.7
1995-02-01,1881.1
1995-03-01,1867.1
1995-04-01,2006.5
1995-05-01,1981.4
1995-06-01,1981
1995-07-01,2083.3
1995-08-01,2094.3
1995-09-01,2091.3
1995-10-01,2029.7
1995-11-01,2113.2
1995-12-01,2154.9
1996-01-01,2227.8
1996-02-01,2228.2
1996-03-01,2164
1996-04-01,2248.7
1996-05-01,2198
1996-06-01,2171.8
1996-07-01,2114.1
1996-08-01,2196.1
1996-09-01,2218.6
1996-10-01,2286.2
1996-11-01,2325.9
1996-12-01,2367.8
1997-01-01,2370.7
1997-02-01,2386
1997-03-01,2360.5
1997-04-01,2424.1
1997-05-01,2544.9
1997-06-01,2664.7
1997-07-01,2673.7
1997-08-01,2526.8
1997-09-01,2703.1
1997-10-01,2415
1997-11-01,2424.1
1997-12-01,2567.4
1998-01-01,2600.8
1998-02-01,2626.9
1998-03-01,2686
1998-04-01,2709
1998-05-01,2655.3
1998-06-01,2620.1
1998-07-01,2661.3
1998-08-01,2430.1
1998-09-01,2511.3
1998-10-01,2563
1998-11-01,2685.6
1998-12-01,2717.6
1999-01-01,2781.7
1999-02-01,2768.4
1999-03-01,2867
1999-04-01,3027.8
1999-05-01,2831.9
1999-06-01,2903.7
1999-07-01,2951
1999-08-01,2875.7
1999-09-01,2817
1999-10-01,2821.4
1999-11-01,2970.3
1999-12-01,3117.7
2000-01-01,3080.2
2000-02-01,3124.6
2000-03-01,3133.3
2000-04-01,3115.8
2000-05-01,3081
2000-06-01,3311.2
2000-07-01,3251.1
2000-08-01,3297.8
2000-09-01,3298.8
2000-10-01,3254.6
2000-11-01,3274.6
2000-12-01,3206.2
2001-01-01,3341.7
2001-02-01,3326.5
2001-03-01,3147.2
2001-04-01,3329.4
2001-05-01,3379.1
2001-06-01,3490.3
2001-07-01,3324.5
2001-08-01,3275.6
2001-09-01,3049.5
2001-10-01,3249.6
2001-11-01,3337.5
2001-10-01,3098.9
2001-10-02,3140.8
2001-10-03,3126.2
2001-10-04,3130.9
2001-10-05,3179.1
2001-10-08,3139.9
2001-10-09,3153
2001-10-10,3137
2001-10-11,3199.2
2001-10-12,3225.1
2001-10-15,3199
2001-10-16,3210.7
2001-10-17,3237.9
2001-10-18,3199.6
2001-10-19,3175.4
2001-10-22,NA
2001-10-23,3213.3
2001-10-24,3246
2001-10-25,3254.7
2001-10-26,3276.2
2001-10-29,3256.2
2001-10-30,3252.8
2001-10-31,3249.6
2001-11-01,3248.8
2001-11-02,3239.9
2001-11-05,3225.8
2001-11-06,3285.1
2001-11-07,3252.6
2001-11-08,3269.4
2001-11-09,3286
2001-11-12,3305.4
2001-11-13,3291.7
2001-11-14,3336.8
2001-11-15,3344.7
2001-11-16,3322.5
2001-11-19,3331.9
2001-11-20,3353
2001-11-21,3336.3
2001-11-22,3324.2
2001-11-23,3332.9
2001-11-26,3348.5
2001-11-27,3355.8
2001-11-28,3353.2
2001-11-29,3329.5
2001-11-30,3337.4
2001-12-03,3328.8
2001-12-04,3324.4
2001-12-05,3347.8
2001-12-06,3352.8
2001-12-07,3371.8
2001-12-10,3360.7
2001-12-11,3359.6
2001-12-12,3322.1
2001-12-13,3312.5
2001-12-14,3290.8
2001-12-17,3289.6
2001-12-18,3320.5
2001-12-19,3324.1
2001-12-20,3343.9
2001-12-21,3374.5
2001-12-24,3390.1
2001-12-27,3417.6
2001-12-28,3427.1
2001-12-31,3422.3
2002-01-02,3445.7
2002-01-03,3419.6
2002-01-04,3435.7
2002-01-07,3446.9
2002-01-08,3423
2002-01-09,3412.5
2002-01-10,3409.1
2002-01-11,3417.6
2002-01-14,3407.3
2002-01-15,3406.2
2002-01-16,3425.8
2002-01-17,3393.1
2002-01-18,3387
2002-01-21,3400.3
2002-01-22,3421.5
2002-01-23,3422
2002-01-24,3430.8
2002-01-25,3442.3
2002-01-29,3452.9
2002-01-30,3433.5
2002-01-31,3464.2
2002-02-01,3445.5
2002-02-04,3466.1
2002-02-05,3451.5
2002-02-06,3424.5
2002-02-07,3414.5
2002-02-08,3450.4
2002-02-11,3476.5
2002-02-12,3481.1
2002-02-13,3474.6
2002-02-14,3487
2002-02-15,3480.4
2002-02-18,3469.3
2002-02-19,3470.4
2002-02-20,3437.7
2002-02-21,3434.3
2002-02-22,3422.1
2002-02-25,3422.5
2002-02-26,3434.8
2002-02-27,3413.1
2002-02-28,3414.3
2002-03-01,3417.3
2002-03-04,3424.3
2002-03-05,3435.6
2002-03-06,3451.2
2002-03-07,3497.6
2002-03-08,3485.3
2002-03-11,3476.9
2002-03-12,3462.3
2002-03-13,3450
2002-03-14,3451.9
2002-03-15,3407.7
2002-03-18,3453.1
2002-03-19,3460.3
2002-03-20,3467.3
2002-03-21,3436.1
2002-03-22,3433.8
2002-03-25,3424.7
2002-03-26,3384.4
2002-03-27,3411.5
2002-03-28,3414.8
2002-04-02,3387.3
2002-04-03,3377.8
2002-04-04,3372.6
2002-04-05,3390
2002-04-08,3389
2002-04-09,3363.4
2002-04-10,3377.4
2002-04-11,3367.4
2002-04-12,3354.5
2002-04-15,3368.1
2002-04-16,3386.6
2002-04-17,3401.3
2002-04-18,3406.7
2002-04-19,3407.3
2002-04-22,3414.1
2002-04-23,3403.9
2002-04-24,3373.6
2002-04-26,3379.1
2002-04-29,3352.8
2002-04-30,3350
2002-05-01,3360.4
2002-05-02,3362.3
2002-05-03,3366
2002-05-06,3345.4
2002-05-07,3325
2002-05-08,3339.9
2002-05-09,3338.5
2002-05-10,3330.9
2002-05-13,3302.5
2002-05-14,3314.3
2002-05-15,3376.1
2002-05-16,3395.3
2002-05-17,3412.6
2002-05-20,3393.3
2002-05-21,3376.9
2002-05-22,3389.8
2002-05-23,3373.5
2002-05-24,3387.1
2002-05-27,3381.6
2002-05-28,3385.9
2002-05-29,3381.2
2002-05-30,3387.1
2002-05-31,3373.6
2002-06-03,3375.6
2002-06-04,3347.1
2002-06-05,3350.2
2002-06-06,3344.3
2002-06-07,3342.8
2002-06-11,3328.5
2002-06-12,3327.9
2002-06-13,3313.6
2002-06-14,3294.1
2002-06-17,3299.7
2002-06-18,3311.9
2002-06-19,3279.9
2002-06-20,3279.6
2002-06-21,3252.2
2002-06-24,3235.3
2002-06-25,3227.3
2002-06-26,3179.4
2002-06-27,3212.9
2002-06-28,3216
2002-07-01,3227.9
2002-07-02,3212.1
2002-07-03,3185.9
2002-07-04,3208.7
2002-07-05,3214.8
2002-07-08,3233.7
2002-07-09,3258.4
2002-07-10,3226.2
2002-07-11,3192.4
2002-07-12,3196.9
2002-07-15,3187.3
2002-07-16,3157.7
2002-07-17,3122.2
2002-07-18,3152.3
2002-07-19,3109.2
2002-07-22,3089.4
2002-07-23,3088.6
2002-07-24,3017.2
2002-07-25,3042.4
2002-07-26,2989.5
2002-07-29,3035.2
2002-07-30,3083.8
2002-07-31,3086.2
2002-08-01,3077.3
2002-08-02,3053.9
2002-08-05,3009.2
2002-08-06,2985.6
2002-08-07,3051
2002-08-08,3077.1
2002-08-09,3106.8
2002-08-12,3103.8
2002-08-13,3110.3
2002-08-14,3096.2
2002-08-15,3128
2002-08-16,3133.3
2002-08-19,3148.2
2002-08-20,3176.7
2002-08-21,3164.3
2002-08-22,3195.7
2002-08-23,3184.5
2002-08-26,3176.9
2002-08-27,3160.3
2002-08-28,3137.7
2002-08-29,3130.8
2002-08-30,3120.1
2002-09-02,3131
2002-09-03,3143.2
2002-09-04,3093.2
2002-09-05,3113.5
2002-09-06,3089.5
2002-09-09,3119.6
2002-09-10,3110.1
2002-09-11,3148
2002-09-12,3142.1
2002-09-13,3130.6
2002-09-16,3125.7
2002-09-17,3156.7
2002-09-18,3120.3
2002-09-19,3090.7
2002-09-20,3073.6
2002-09-23,3046.7
2002-09-24,3033.3
2002-09-25,2991.1
2002-09-26,2988.7
2002-09-27,3008.9
2002-09-30,2970.9
2002-10-01,2987.2
2002-10-02,2998.2
2002-10-03,2999.3
2002-10-04,2991.6
2002-10-07,2940
2002-10-08,2946
2002-10-09,2912.7
2002-10-10,2896.6
2002-10-11,2924.6
2002-10-14,2959.8
2002-10-15,2994.9
2002-10-16,2993.8
2002-10-17,2989.8
2002-10-18,3010.6
2002-10-21,2990.2
2002-10-22,3003
2002-10-23,3031.9
2002-10-24,3023.6
2002-10-25,3009.2
2002-10-28,3035.6
2002-10-29,3011.3
2002-10-30,3006.2
2002-10-31,3042.9
2002-11-01,3010.3
2002-11-04,3054.8
2002-11-05,3050.2
2002-11-06,3075.5
2002-11-07,3038.9
2002-11-08,3008.8
2002-11-11,2972.9
2002-11-12,2982.5
2002-11-13,2971
2002-11-14,2962.2
2002-11-15,3004.9
2002-11-18,2999.7
2002-11-19,2989.7
2002-11-20,3007.8
2002-11-21,3021.9
2002-11-22,3035.8
2002-11-25,3041.3
2002-11-26,3015.4
2002-11-27,3005.2
2002-11-28,3043.5
2002-11-29,3061.4
2002-12-02,3083.8
2002-12-03,3072.6
2002-12-04,3027.2
2002-12-05,3040.5
2002-12-06,3027.3
2002-12-09,3023.5
2002-12-10,2990.8
2002-12-11,2969.7
2002-12-12,2987.8
2002-12-13,2971.3
2002-12-16,2949.9
2002-12-17,2986.7
2002-12-18,2986.5
2002-12-19,2989.1
2002-12-20,3011.4
2002-12-23,3033.5
2002-12-24,3032.8
2002-12-27,3027.2
2002-12-30,2992.7
2002-12-31,3007.1
2003-01-02,3027.6
2003-01-03,3055.5
2003-01-06,3075.4
2003-01-07,3074.5
2003-01-08,3074.7
2003-01-09,3064.9
2003-01-10,3063.6
2003-01-13,3069.4
2003-01-14,3075.8
2003-01-15,3077
2003-01-16,3056.3
2003-01-17,3051.7
2003-01-20,3055.8
2003-01-21,3051.5
2003-01-22,3025.9
2003-01-23,3024
2003-01-24,3026.2
2003-01-28,2964.4
2003-01-29,2951.7
2003-01-30,2964.2
2003-01-31,2956.9
2003-02-03,2942.6
2003-02-04,2946.6
2003-02-05,2918.7
2003-02-06,2886.2
2003-02-07,2906
2003-02-10,2890.2
2003-02-11,2879
2003-02-12,2884.5
2003-02-13,2835.4
2003-02-14,2817.2
2003-02-17,2844.1
2003-02-18,2844.7
2003-02-19,2864.7
2003-02-20,2819.1
2003-02-21,2820.2
2003-02-24,2855.9
2003-02-25,2799
2003-02-26,2826.9
2003-02-27,2796.2
2003-02-28,2800.9
2003-03-03,2816.8
2003-03-04,2813
2003-03-05,2776
2003-03-06,2776
2003-03-07,2744
2003-03-10,2741.4
2003-03-11,2723.2
2003-03-12,2718.4
2003-03-13,2700.4
2003-03-14,2753.1
2003-03-17,2739.1
2003-03-18,2835.1
2003-03-19,2846.7
2003-03-20,2866.1
2003-03-21,2866.7
2003-03-24,2858.5
2003-03-25,2854.4
2003-03-26,2892.1
2003-03-27,2892.5
2003-03-28,2897.7
2003-03-31,2885.2
2003-04-01,2882.2
2003-04-02,2882.3
2003-04-03,2908.6
2003-04-04,2933.5
2003-04-07,2979.4
2003-04-08,2978.8
2003-04-09,2950.5
2003-04-10,2945.1
2003-04-11,2949
2003-04-14,2940.9
2003-04-15,2968.8
2003-04-16,2979.8
2003-04-17,2953.2
2003-04-22,2980.4
2003-04-23,3005
2003-04-24,3001.9
2003-04-28,2974.5
2003-04-29,3011.2
2003-04-30,3007.5
2003-05-01,3003.6
2003-05-02,2975.4
2003-05-05,2977.4
2003-05-06,2968
2003-05-07,2975.7
2003-05-08,2956.2
2003-05-09,2956
2003-05-12,2976.1
2003-05-13,2981.4
2003-05-14,2970.8
2003-05-15,2958.4
2003-05-16,2951.3
2003-05-19,2948.6
2003-05-20,2935.7
2003-05-21,2942.8
2003-05-22,2965.6
2003-05-23,2997.3
2003-05-26,2997.6
2003-05-27,2982.9
2003-05-28,3008.7
2003-05-29,3016
2003-05-30,3011
2003-06-02,3038.4
2003-06-03,3026.8
2003-06-04,3032.7
2003-06-05,3040.3
2003-06-06,3048.9
2003-06-10,3055.2
2003-06-11,3070.3
2003-06-12,3084.8
2003-06-13,3087.6
2003-06-16,3090.1
2003-06-17,3112.3
2003-06-18,3090.2
2003-06-19,3104
2003-06-20,3089.5
2003-06-23,3092.1
2003-06-24,3068.8
2003-06-25,3065.7
2003-06-26,3028.3
2003-06-27,3048.8
2003-06-30,3026.9
2003-07-01,3038.6
2003-07-02,3031.9
2003-07-03,3044.8
2003-07-04,3028.4
2003-07-07,3032.1
2003-07-08,3035.8
2003-07-09,3029.1
2003-07-10,3042.8
2003-07-11,3043.8
2003-07-14,3074
2003-07-15,3081.9
2003-07-16,3095.3
2003-07-17,3088
2003-07-18,3083.6
2003-07-21,3089
2003-07-22,3066.5
2003-07-23,3085.5
2003-07-24,3090.7
2003-07-25,3098.6
2003-07-28,3119.4
2003-07-29,3107.8
2003-07-30,3091.2
2003-07-31,3122.3
2003-08-01,3140.3
2003-08-04,3128.9
2003-08-05,3137.4
2003-08-06,3133.5
2003-08-07,3138.6
2003-08-08,3149.4
2003-08-11,3145.8
2003-08-12,3142.7
2003-08-13,3158.1
2003-08-14,3150.4
2003-08-15,3148
2003-08-18,3164.5
2003-08-19,3169.3
2003-08-20,3171.5
2003-08-21,3174.9
2003-08-22,3184.4
2003-08-25,3176.4
2003-08-26,3167.2
2003-08-27,3179.9
2003-08-28,3197
2003-08-29,3199.7
2003-09-01,3205.1
2003-09-02,3218
2003-09-03,3210.9
2003-09-04,3226.5
2003-09-05,3213.8
2003-09-08,3230.3
2003-09-09,3235.3
2003-09-10,3216
2003-09-11,3193.9
2003-09-12,3192.5
2003-09-15,3189.8
2003-09-16,3194.3
2003-09-17,3217
2003-09-18,3221.3
2003-09-19,3218.1
2003-09-22,3193
2003-09-23,3180.6
2003-09-24,3208.5
2003-09-25,3172.8
2003-09-26,3171.5
2003-09-29,3164.3
2003-09-30,3169.5
2003-10-01,3159.2
2003-10-02,3199.4
2003-10-03,3203.3
2003-10-06,3217.2
2003-10-07,3218.7
2003-10-08,3243.1
2003-10-09,3251.3
2003-10-10,3260.2
2003-10-13,3276.4
2003-10-14,3282.9
2003-10-15,3283.7
2003-10-16,3295.1
2003-10-17,3294.3
2003-10-20,3287.7
2003-10-21,3303.7
2003-10-22,3299.5
2003-10-23,3266.3
2003-10-24,3256.3
2003-10-27,3244.4
2003-10-28,3243.5
2003-10-29,3263.4
2003-10-30,3273.8
2003-10-31,3272
2003-11-03,3256.5
2003-11-04,3264.7
2003-11-05,3240.7
2003-11-06,3241.1
2003-11-07,3248.5
2003-11-10,3230.1
2003-11-11,3200.6
2003-11-12,3203
2003-11-13,3217.7
2003-11-14,3201.8
2003-11-17,3174.4
2003-11-18,3175.4
2003-11-19,3181.4
2003-11-20,3184.1
2003-11-21,3169.1
2003-11-24,3171.5
2003-11-25,3192
2003-11-26,3191.4
2003-11-27,3185.8
2003-11-28,3186.4
2003-12-01,3170.1
2003-12-02,3187.7
2003-12-03,3215.3
2003-12-04,3229.8
2003-12-05,3229.8
2003-12-08,3225.1
2003-12-09,3218.8
2003-12-10,3211.2
2003-12-11,3189.4
2003-12-12,3212.7
2003-12-15,3247.6
2003-12-16,3215.2
2003-12-17,3231.4
2003-12-18,3224.1
2003-12-19,3232.8
2003-12-22,3255.4
2003-12-23,3254.8
2003-12-24,3265.6
2003-12-29,3281.8
2003-12-30,3295.1
2003-12-31,3299.8
2004-01-02,3300.7
2004-01-05,3286
2004-01-06,3317.5
2004-01-07,3303.6
2004-01-08,3297.9
2004-01-09,3301.6
2004-01-12,3302.7
2004-01-13,3295.3
2004-01-14,3310.9
2004-01-15,3306.6
2004-01-16,3288.8
2004-01-19,3302.4
2004-01-20,3308.5
2004-01-21,3306.5
2004-01-22,3326.6
2004-01-23,3334.7
2004-01-27,3312.1
2004-01-28,3279.6
2004-01-29,3264.5
2004-01-30,3272
2004-02-02,3274.9
2004-02-03,3264.3
2004-02-04,3265.6
2004-02-05,3262
2004-02-06,3272.2
2004-02-09,3287.1
2004-02-10,3286.3
2004-02-11,3300.7
2004-02-12,3326
2004-02-13,3333.7
2004-02-16,3320.2
2004-02-17,3328.8
2004-02-18,3348.1
2004-02-19,3351.1
2004-02-20,3344.1
2004-02-23,3339.2
2004-02-24,3328.9
2004-02-25,3332.7
2004-02-26,3346.8
2004-02-27,3360.6
2004-03-01,3381.4
2004-03-02,3390.4
2004-03-03,3388.5
2004-03-04,3389
2004-03-05,3407.5
2004-03-08,3420
2004-03-09,3424.9
2004-03-10,3414
2004-03-11,3413.6
2004-03-12,3402.3
2004-03-15,3411.5
2004-03-16,3414.6
2004-03-17,3438.4
2004-03-18,3429.4
2004-03-19,3435.3
2004-03-22,3402.2
2004-03-23,3390.1
2004-03-24,3386.8
2004-03-25,3399.8
2004-03-26,3428.5
2004-03-29,3411
2004-03-30,3418
2004-03-31,3415.3
2004-04-01,3446.2
2004-04-02,3438.6
2004-04-05,3452.2
2004-04-06,3455.9
2004-04-07,3458.5
2004-04-08,3450.6
2004-04-13,3437.9
2004-04-14,3434.4
2004-04-15,3419.3
2004-04-16,3417.3
2004-04-19,3433.1
2004-04-20,3452.2
2004-04-21,3438.8
2004-04-22,3435.9
2004-04-23,3457
2004-04-26,3450.5
2004-04-27,3446.6
2004-04-28,3444.8
2004-04-29,3401.3
2004-04-30,3400.8
2004-05-03,3382.3
2004-05-04,3391.2
2004-05-05,3407.6
2004-05-06,3399.4
2004-05-07,3393.2
2004-05-10,3353.3
2004-05-11,3356.6
2004-05-12,3378.8
2004-05-13,3370.8
2004-05-14,3359.5
2004-05-17,3345.5
2004-05-18,3371.9
2004-05-19,3390.8
2004-05-20,3378.8
2004-05-21,3395.4
2004-05-24,3401.5
2004-05-25,3395.5
2004-05-26,3425.2
2004-05-27,3444.5
2004-05-28,3450.4
2004-05-31,3460.2
2004-06-01,3457
2004-06-02,3476.8
2004-06-03,3467.3
2004-06-04,3467.7
2004-06-07,3484
2004-06-08,3483.6
2004-06-09,3466.2
2004-06-10,3468
2004-06-11,3478.2
2004-06-15,3468.4
2004-06-16,3486.8
2004-06-17,3510.2
2004-06-18,3527.7
2004-06-21,3554.5
2004-06-22,3540.7
2004-06-23,3552.7
2004-06-24,3533.5
2004-06-25,3529.2
2004-06-28,3522.4
2004-06-29,3521.5
2004-06-30,3532.9
2004-07-01,3536.9
2004-07-02,3534.4
2004-07-05,3537
2004-07-06,3555.8
2004-07-07,3565
2004-07-08,3568.7
2004-07-09,3564
2004-07-12,3558
2004-07-13,3558.6
2004-07-14,3522.8
2004-07-15,3526.1
2004-07-16,3531
2004-07-19,3533.1
2004-07-20,3503.3
2004-07-21,3524
2004-07-22,3498.3
2004-07-23,3485.2
2004-07-26,3485.7
2004-07-27,3489.7
2004-07-28,3499.1
2004-07-29,3501.3
2004-07-30,3536.1
2004-08-02,3544.9
2004-08-03,3554.4
2004-08-04,3546
2004-08-05,3538.9
2004-08-06,3530.6
2004-08-09,3509.2
2004-08-10,3499.6
2004-08-11,3511.1
2004-08-12,3487.9
2004-08-13,3477.8
2004-08-16,3468.3
2004-08-17,3483.2
2004-08-18,3476.1
2004-08-19,3486.3
2004-08-20,3497.7
2004-08-23,3524
2004-08-24,3526.3
2004-08-25,3517.4
2004-08-26,3526
2004-08-27,3558.9
2004-08-30,3554.1
2004-08-31,3552.7
2004-09-01,3575.6
2004-09-02,3590.4
2004-09-03,3577.3
2004-09-06,3576.9
2004-09-07,3589.4
2004-09-08,3589
2004-09-09,3591.7
2004-09-10,3596
2004-09-13,3609.7
2004-09-14,3623.2
2004-09-15,3625.1
2004-09-16,3624.9
2004-09-17,3631.6
2004-09-20,3628.7
2004-09-21,3629.9
2004-09-22,3640.8
2004-09-23,3635.2
2004-09-24,3623.9
2004-09-27,3620.6
2004-09-28,3627.1
2004-09-29,3656.6
2004-09-30,3665
2004-10-01,3659.6
2004-10-04,3693.6
2004-10-05,3697.6
2004-10-06,3699.8
2004-10-07,3700.8
2004-10-08,3686.8
2004-10-11,3705.8
2004-10-12,3717.4
2004-10-13,3725.2
2004-10-14,3708.9
2004-10-15,3720.5
2004-10-18,3709.9
2004-10-19,3715
2004-10-20,3700.1
2004-10-21,3705.9
2004-10-22,3709.9
2004-10-25,3681.6
2004-10-26,3704.9
2004-10-27,3741.2
2004-10-28,3776.1
2004-10-29,3778.6
2004-11-01,3791.2
2004-11-02,3798.6
2004-11-03,3832.9
2004-11-04,3838.5
2004-11-05,3843.5
2004-11-08,3822.3
2004-11-09,3835.5
2004-11-10,3846.4
2004-11-11,3863.3
2004-11-12,3862.5
2004-11-15,3880.6
2004-11-16,3869.4
2004-11-17,3876
2004-11-18,3879.5
2004-11-19,3872.7
2004-11-22,3830.7
2004-11-23,3866.1
2004-11-24,3882.5
2004-11-25,3904.2
2004-11-26,3912.1
2004-11-29,3926.8
2004-11-30,3931.3
2004-12-01,3899.3
2004-12-02,3941.9
2004-12-03,3939.5
2004-12-06,3950.5
2004-12-07,3927.5
2004-12-08,3897.7
2004-12-09,3886.9
2004-12-10,3898.5
2004-12-13,3907.3
2004-12-14,3929
2004-12-15,3944.2
2004-12-16,3975.1
2004-12-17,3988
2004-12-20,3993.4
2004-12-21,4013.6
2004-12-22,4032.3
2004-12-23,4025.9
2004-12-24,4048.6
2004-12-29,4042.1
2004-12-30,4054.9
2004-12-31,4050.6
2005-01-04,4058.6
2005-01-05,4039.4
2005-01-06,4029.9
2005-01-07,4063.2
2005-01-10,4074.9
2005-01-11,4072.7
2005-01-12,4070.4
2005-01-13,4069.5
2005-01-14,4061.6
2005-01-17,4076.9
2005-01-18,4062
2005-01-19,4052.6
2005-01-20,4036
2005-01-21,4043.9
2005-01-24,4044.8
2005-01-25,4055.9
2005-01-27,4105.7
2005-01-28,4098.9
2005-01-31,4107.3
2005-02-01,4127.7
2005-02-02,4145.3
2005-02-03,4151.3
2005-02-04,4161.8
2005-02-07,4189.6
2005-02-08,4179.1
2005-02-09,4172.1
2005-02-10,4174.9
2005-02-11,4174.3
2005-02-14,4150.2
2005-02-15,4144.8
2005-02-16,4151.7
2005-02-17,4166.9
2005-02-18,4163.6
2005-02-21,4168.2
2005-02-22,4153.3
2005-02-23,4119.2
2005-02-24,4096.9
2005-02-25,4130.5
2005-02-28,4172.8
2005-03-01,4184.9
2005-03-02,4191.5
2005-03-03,4205.2
2005-03-04,4220.4
2005-03-07,4238.4
2005-03-08,4242.9
2005-03-09,4241.8
2005-03-10,4215.5
2005-03-11,4203.8
2005-03-14,4233.5
2005-03-15,4225.4
2005-03-16,4244.4
2005-03-17,4232.4
2005-03-18,4249.1
2005-03-21,4266.4
2005-03-22,4233.8
2005-03-23,4170.8
2005-03-24,4136.4
2005-03-29,4095.6
2005-03-30,4095.2
2005-03-31,4109.8
2005-04-01,4138.3
2005-04-04,4120.8
2005-04-05,4132.4
2005-04-06,4118.9
2005-04-07,4127.8
2005-04-08,4165.5
2005-04-11,4132.6
2005-04-12,4142
2005-04-13,4135
2005-04-14,4082.3
2005-04-15,4014.3
2005-04-18,3958.4
2005-04-19,4021.2
2005-04-20,4022.6
2005-04-21,4013.9
2005-04-22,4034.1
2005-04-26,4027.8
2005-04-27,4019
2005-04-28,4011.6
2005-04-29,3983.2
2005-05-02,4011.3
2005-05-03,3986.3
2005-05-04,3947.1
2005-05-05,3956.1
2005-05-06,3983.3
2005-05-09,3999.2
2005-05-10,3992.2
2005-05-11,4005.7
2005-05-12,4028.9
2005-05-13,4012.1
2005-05-16,3965.4
2005-05-17,3954.5
2005-05-18,3987.5
2005-05-19,4044.5
2005-05-20,4041.3
2005-05-23,4077.2
2005-05-24,4102
2005-05-25,4091.1
2005-05-26,4093.2
2005-05-27,4116.4
2005-05-30,4132.7
2005-05-31,4106.4
2005-06-01,4147.8
2005-06-02,4180.7
2005-06-03,4194
2005-06-06,4198
2005-06-07,4205.6
2005-06-08,4219.9
2005-06-09,4214
2005-06-10,4221.7
2005-06-14,4228.8
2005-06-15,4246.5
2005-06-16,4262.8
2005-06-17,4312.2
2005-06-20,4305.6
2005-06-21,4300.1
2005-06-22,4277.9
2005-06-23,4269.9
2005-06-24,4245.6
2005-06-27,4231.2
2005-06-28,4270.8
2005-06-29,4263
2005-06-30,4277.5
2005-07-01,4272.6
2005-07-04,4281.9
2005-07-05,4301.8
2005-07-06,4275.1
2005-07-07,4234
2005-07-08,4229.2
2005-07-11,4264.1
2005-07-12,4262.1
2005-07-13,4280.3
2005-07-14,4295.1
2005-07-15,4292.4
2005-07-18,4298.4
2005-07-19,4276.3
2005-07-20,4301.2
2005-07-21,4343.2
2005-07-22,4371.1
2005-07-25,4378.8
2005-07-26,4380.5
2005-07-27,4386.8
2005-07-28,4367.8
2005-07-29,4388.8
2005-08-01,4378
2005-08-02,4385.4
2005-08-03,4369.1
2005-08-04,4374.8
2005-08-05,4377.3
2005-08-08,4407.9
2005-08-09,4417.8
2005-08-10,4425.6
2005-08-11,4460.2
2005-08-12,4469.2
2005-08-15,4459.5
2005-08-16,4481.2
2005-08-17,4467.8
2005-08-18,4442.9
2005-08-19,4461.6
2005-08-22,4499.3
2005-08-23,4484.9
2005-08-24,4446.4
2005-08-25,4424.5
2005-08-26,4452.5
2005-08-29,4396.8
2005-08-30,4438.6
2005-08-31,4446.8
2005-09-01,4497.7
2005-09-02,4473.7
2005-09-05,4455.4
2005-09-06,4462
2005-09-07,4492
2005-09-08,4474.9
2005-09-09,4468.1
2005-09-12,4471.8
2005-09-13,4495.1
2005-09-14,4518.3
2005-09-15,4513.9
2005-09-16,4553.6
2005-09-19,4551.3
2005-09-20,4580.9
2005-09-21,4552.4
2005-09-22,4561.7
2005-09-23,4562.4
2005-09-26,4618.9
2005-09-27,4629.2
2005-09-28,4627.6
2005-09-29,4671.7
2005-09-30,4641.2
2005-10-03,4642.4
2005-10-04,4643.6
2005-10-05,4543.5
2005-10-06,4447.3
2005-10-07,4440.6
2005-10-10,4469.1
2005-10-11,4428.8
2005-10-12,4468.2
2005-10-13,4431
2005-10-14,4406.1
2005-10-17,4425.3
2005-10-18,4459.3
2005-10-19,4377.2
2005-10-20,4380.1
2005-10-21,4364.3
2005-10-24,4357.2
2005-10-25,4390.8
2005-10-26,4443.4
2005-10-27,4433
2005-10-28,4383
2005-10-31,4459.7
2005-11-01,4474.7
2005-11-02,4456.3
2005-11-03,4513.7
2005-11-04,4519.5
2005-11-07,4512.5
2005-11-08,4554.5
2005-11-09,4526.1
2005-11-10,4543.7
2005-11-11,4574.3
2005-11-14,4608.4
2005-11-15,4603.2
2005-11-16,4621.1
2005-11-17,4629.1
2005-11-18,4671.1
2005-11-21,4654.2
2005-11-22,4622.9
2005-11-23,4616.6
2005-11-24,4652.3
2005-11-25,4648.8
2005-11-28,4665.3
2005-11-29,4639
2005-11-30,4634.8
2005-12-01,4580.1
2005-12-02,4623.5
2005-12-05,4624.6
2005-12-06,4616
2005-12-07,4623.9
2005-12-08,4578
2005-12-09,4580.1
2005-12-12,4611.9
2005-12-13,4587.1
2005-12-14,4617.9
2005-12-15,4627.9
2005-12-16,4644
2005-12-19,4655.4
2005-12-20,4672.3
2005-12-21,4718.2
2005-12-22,4707.8
2005-12-23,4727.7
2005-12-28,4755.6
2005-12-29,4772.5
2005-12-30,4763.4
2006-01-03,4776
2006-01-04,4820.3
2006-01-05,4813.7
2006-01-06,4791.1
2006-01-09,4831.5
2006-01-10,4816.7
2006-01-11,4838.1
2006-01-12,4836.9
2006-01-13,4836.7
2006-01-16,4836.4
2006-01-17,4866.1
2006-01-18,4786.9
2006-01-19,4840.9
2006-01-20,4854.4
2006-01-23,4812.1
2006-01-24,4824.8
2006-01-25,4861.4
2006-01-27,4919.3
2006-01-30,4943.4
2006-01-31,4929.6
2006-02-01,4956.7
2006-02-02,4905.1
2006-02-03,4883.8
2006-02-06,4915.6
2006-02-07,4905.4
2006-02-08,4831.4
2006-02-09,4877.6
2006-02-10,4871.5
2006-02-13,4817.1
2006-02-14,4864.2
2006-02-15,4835
2006-02-16,4820.6
2006-02-17,4799.9
2006-02-20,4835.5
2006-02-21,4879.1
2006-02-22,4886.7
2006-02-23,4913.2
2006-02-24,4893.4
2006-02-27,4924.1
2006-02-28,4921.3
2006-03-01,4850.6
2006-03-02,4903.8
2006-03-03,4898.5
2006-03-06,4903.9
2006-03-07,4879.7
2006-03-08,4873
2006-03-09,4894.4
2006-03-10,4888.1
2006-03-13,4951.3
2006-03-14,4932.2
2006-03-15,4946.3
2006-03-16,4977.9
2006-03-17,4971.7
2006-03-20,5000.4
2006-03-21,4991.3
2006-03-22,5013.4
2006-03-23,5035.3
2006-03-24,5040.1
2006-03-27,5088.1
2006-03-28,5085.8
2006-03-29,5090.5
2006-03-30,5115
2006-03-31,5129.7
2006-04-03,5180.5
2006-04-04,5162.5
2006-04-05,5207
2006-04-06,5238.9
2006-04-07,5232.9
2006-04-10,5192.3
2006-04-11,5233.5
2006-04-12,5183.7
2006-04-13,5175.7
2006-04-18,5248.6
2006-04-19,5283.9
2006-04-20,5276.9
2006-04-21,5250.1
2006-04-24,5269.8
2006-04-26,5327.2
2006-04-27,5300.2
2006-04-28,5258.8
2006-05-01,5310.4
2006-05-02,5273.1
2006-05-03,5273.5
2006-05-04,5189.1
2006-05-05,5255.4
2006-05-08,5324
2006-05-09,5325.8
2006-05-10,5352.2
2006-05-11,5364.5
2006-05-12,5329.5
2006-05-15,5234.1
2006-05-16,5217.4
2006-05-17,5217.5
2006-05-18,5119.3
2006-05-19,5100.9
2006-05-22,5030.8
2006-05-23,5013.8
2006-05-24,5037.7
2006-05-25,4976.8
2006-05-26,5053.7
2006-05-29,5109.5
2006-05-30,5105.4
2006-05-31,5001.7
2006-06-01,5060.6
2006-06-02,5077.2
2006-06-05,5120
2006-06-06,5036.1
2006-06-07,5025.5
2006-06-08,4907.2
2006-06-09,4966
2006-06-13,4838.9
2006-06-14,4850.8
2006-06-15,4869.7
2006-06-16,4969
2006-06-19,4901.2
2006-06-20,4861.4
2006-06-21,4918.9
2006-06-22,5010.8
2006-06-23,4964.9
2006-06-26,4965
2006-06-27,4999.2
2006-06-28,4946.8
2006-06-29,4997.2
2006-06-30,5073.9
2006-07-03,5092.2
2006-07-04,5104.7
2006-07-05,5096.9
2006-07-06,5120.3
2006-07-07,5135.3
2006-07-10,5142.8
2006-07-11,5107.2
2006-07-12,5128.3
2006-07-13,5084.6
2006-07-14,4966.1
2006-07-17,4956.2
2006-07-18,4923.3
2006-07-19,4900.1
2006-07-20,4996.5
2006-07-21,4960.6
2006-07-24,4934.4
2006-07-25,4992.4
2006-07-26,4935.7
2006-07-27,5007.8
2006-07-28,4958.3
2006-07-31,4986
2006-08-01,4981.3
2006-08-02,4931.5
2006-08-03,4997.5
2006-08-04,4956.1
2006-08-07,4961.8
2006-08-08,5024.8
2006-08-09,4962
2006-08-10,4953.2
2006-08-11,4949.2
2006-08-14,4971.3
2006-08-15,4936
2006-08-16,4961.9
2006-08-17,5055.9
2006-08-18,5052.5
2006-08-21,5063.6
2006-08-22,5076.2
2006-08-23,5082.3
2006-08-24,4987.8
2006-08-25,5023.6
2006-08-28,5024.2
2006-08-29,5067.6
2006-08-30,5067.3
2006-08-31,5115.4
2006-09-01,5097.1
2006-09-04,5129.2
2006-09-05,5150.6
2006-09-06,5113.8
2006-09-07,5108.7
2006-09-08,5098.3
2006-09-11,5026
2006-09-12,4974.4
2006-09-13,5017.2
2006-09-14,5070.4
2006-09-15,5036.4
2006-09-18,5072.8
2006-09-19,5056.8
2006-09-20,4998.5
2006-09-21,4995.9
2006-09-22,4983.2
2006-09-25,4986.3
2006-09-26,4989.6
2006-09-27,5093.2
2006-09-28,5113.9
2006-09-29,5154.1
2006-10-02,5178.8
2006-10-03,5184.3
2006-10-04,5142.7
2006-10-05,5219.3
2006-10-06,5220.7
2006-10-09,5199.1
2006-10-10,5248.6
2006-10-11,5282.8
2006-10-12,5259.4
2006-10-13,5290
2006-10-16,5311
2006-10-17,5281.3
2006-10-18,5313.2
2006-10-19,5285.3
2006-10-20,5335.4
2006-10-23,5333.5
2006-10-24,5317.1
2006-10-25,5352.3
2006-10-26,5389.7
2006-10-27,5358.5
2006-10-30,5399.4
2006-10-31,5384.4
2006-11-01,5416.4
2006-11-02,5409.4
2006-11-03,5432
2006-11-06,5444.1
2006-11-07,5491.6
2006-11-08,5459.2
2006-11-09,5429
2006-11-10,5436.7
2006-11-13,5418.4
2006-11-14,5435.6
2006-11-15,5429.9
2006-11-16,5392.6
2006-11-17,5419.7
2006-11-20,5322.4
2006-11-21,5358
2006-11-22,5445.7
2006-11-23,5466.9
2006-11-24,5453.6
2006-11-27,5452.2
2006-11-28,5384.3
2006-11-29,5452.6
2006-11-30,5482.1
2006-12-01,5427.9
2006-12-04,5424.9
2006-12-05,5426.5
2006-12-06,5466.7
2006-12-07,5465.2
2006-12-08,5425.8
2006-12-11,5469.7
2006-12-12,5473.6
2006-12-13,5488.2
2006-12-14,5573.1
2006-12-15,5575.4
2006-12-18,5591.5
2006-12-19,5559.7
2006-12-20,5607.8
2006-12-21,5583.5
2006-12-22,5603.7
2006-12-27,5643.2
2006-12-28,5660.5
2006-12-29,5669.9
2007-01-02,5670.2
2007-01-03,5649.3
2007-01-04,5584.8
2007-01-05,5572
2007-01-08,5502
2007-01-09,5589.7
2007-01-10,5520.9
2007-01-11,5564.9
2007-01-12,5638.8
2007-01-15,5673.8
2007-01-16,5673.4
2007-01-17,5646.1
2007-01-18,5672.4
2007-01-19,5673.1
2007-01-22,5726.6
2007-01-23,5735
2007-01-24,5768.8
2007-01-25,5769.9
2007-01-29,5760.4
2007-01-30,5812.5
2007-01-31,5773.4
2007-02-01,5814.1
2007-02-02,5831.5
2007-02-05,5822.1
2007-02-06,5870.5
2007-02-07,5899.8
2007-02-08,5899.5
2007-02-09,5927.2
2007-02-12,5924.1
2007-02-13,5936.6
2007-02-14,5960.5
2007-02-15,5992.8
2007-02-16,5953.7
2007-02-19,5990.1
2007-02-20,5989.7
2007-02-21,5951.8
2007-02-22,6017.1
2007-02-23,6036.1
2007-02-26,6044
2007-02-27,5993.8
2007-02-28,5832.5
2007-03-01,5810.2
2007-03-02,5786
2007-03-05,5653.6
2007-03-06,5771.8
2007-03-07,5825.3
2007-03-08,5822.3
2007-03-09,5830.2
2007-03-12,5891
2007-03-13,5865
2007-03-14,5741.9
2007-03-15,5853
2007-03-16,5836.3
2007-03-19,5859.7
2007-03-20,5876.6
2007-03-21,5861.9
2007-03-22,5955.7
2007-03-23,5952.3
2007-03-26,5990.7
2007-03-27,5964.2
2007-03-28,5923.2
2007-03-29,5960.9
2007-03-30,5995
2007-04-02,5915.8
2007-04-03,6013.4
2007-04-04,6097.2
2007-04-05,6077.1
2007-04-10,6153
2007-04-11,6151.4
2007-04-12,6158.2
2007-04-13,6135.8
2007-04-16,6197.7
2007-04-17,6186.5
2007-04-18,6236.9
2007-04-19,6165.1
2007-04-20,6207.5
2007-04-23,6209.1
2007-04-24,6188.2
2007-04-26,6212.2
2007-04-27,6151.6
2007-04-30,6166
2007-05-01,6145.8
2007-05-02,6237.7
2007-05-03,6245.6
2007-05-04,6304.9
2007-05-07,6335.7
2007-05-08,6304.4
2007-05-09,6341
2007-05-10,6355.5
2007-05-11,6297.4
2007-05-14,6345.1
2007-05-15,6291.2
2007-05-16,6294.6
2007-05-17,6365.9
2007-05-18,6312.5
2007-05-21,6369
2007-05-22,6338.8
2007-05-23,6355.1
2007-05-24,6279.1
2007-05-25,6252.8
2007-05-28,6251.4
2007-05-29,6317.6
2007-05-30,6243.4
2007-05-31,6313.5
2007-06-01,6333.5
2007-06-04,6392.9
2007-06-05,6370.8
2007-06-06,6337.1
2007-06-07,6311.1
2007-06-08,6231.7
2007-06-12,6240
2007-06-13,6180.7
2007-06-14,6261.2
2007-06-15,6293.8
2007-06-18,6343.4
2007-06-19,6372
2007-06-20,6396.9
2007-06-21,6387
2007-06-22,6382.6
2007-06-25,6329.8
2007-06-26,6308.6
2007-06-27,6184.2
2007-06-28,6265.6
2007-06-29,6274.9
2007-07-02,6263.3
2007-07-03,6299
2007-07-04,6298.6
2007-07-05,6362.3
2007-07-06,6351.1
2007-07-09,6400.6
2007-07-10,6361.5
2007-07-11,6325.1
2007-07-12,6363.4
2007-07-13,6389.4
2007-07-16,6380.8
2007-07-17,6381.6
2007-07-18,6329.1
2007-07-19,6384.2
2007-07-20,6421.8
2007-07-23,6390.4
2007-07-24,6422.3
2007-07-25,6340.5
2007-07-26,6258.5
2007-07-27,6082.9
2007-07-30,6108.8
2007-07-31,6144.2
2007-08-01,5941.2
2007-08-02,6011.8
2007-08-03,6021
2007-08-06,5920.2
2007-08-07,5985
2007-08-08,6100.8
2007-08-09,6165.6
2007-08-10,5936
2007-08-13,6011.6
2007-08-14,5964.8
2007-08-15,5788
2007-08-16,5711.5
2007-08-17,5671
2007-08-20,5932.6
2007-08-21,5989.4
2007-08-22,6005
2007-08-23,6159.7
2007-08-24,6088.5
2007-08-27,6185.2
2007-08-28,6176.3
2007-08-29,6100.3
2007-08-30,6135
2007-08-31,6247.2
2007-09-03,6267.3
2007-09-04,6293.3
2007-09-05,6262.7
2007-09-06,6251
2007-09-07,6278.4
2007-09-10,6191.2
2007-09-11,6235.5
2007-09-12,6220.3
2007-09-13,6230.6
2007-09-14,6306.8
2007-09-17,6271.4
2007-09-18,6192.5
2007-09-19,6356.1
2007-09-20,6393.7
2007-09-21,6357.9
2007-09-24,6451.5
2007-09-25,6483
2007-09-26,6481.4
2007-09-27,6538.1
2007-09-28,6567.8
2007-10-01,6563.7
2007-10-02,6659.9
2007-10-03,6660
2007-10-04,6566.9
2007-10-05,6605.4
2007-10-08,6654.3
2007-10-09,6677.8
2007-10-10,6738.3
2007-10-11,6771.9
2007-10-12,6748.9
2007-10-15,6739
2007-10-16,6692
2007-10-17,6680.1
2007-10-18,6767.7
2007-10-19,6706.3
2007-10-22,6577.3
2007-10-23,6660.9
2007-10-24,6634.4
2007-10-25,6624.3
2007-10-26,6700.6
2007-10-29,6792.1
2007-10-30,6750.2
2007-10-31,6754.1
2007-11-01,6828.7
2007-11-02,6696.6
2007-11-05,6582.3
2007-11-06,6628
2007-11-07,6692.4
2007-11-08,6521.6
2007-11-09,6545.7
2007-11-12,6455.3
2007-11-13,6515.2
2007-11-14,6598.6
2007-11-15,6528.6
2007-11-16,6461.9
2007-11-19,6535.2
2007-11-20,6425.4
2007-11-21,6384.3
2007-11-22,6334.3
2007-11-23,6330.2
2007-11-26,6471.4
2007-11-27,6432.7
2007-11-28,6370.1
2007-11-29,6444.5
2007-11-30,6533.1
2007-12-03,6533.5
2007-12-04,6530.8
2007-12-05,6508.1
2007-12-06,6600.9
2007-12-07,6654.7
2007-12-10,6625.1
2007-12-11,6680.4
2007-12-12,6615.2
2007-12-13,6597.6
2007-12-14,6491.7
2007-12-17,6263.5
2007-12-18,6236.9
2007-12-19,6216.4
2007-12-20,6176.9
2007-12-21,6247
2007-12-24,6323.6
2007-12-27,6350.9
2007-12-28,6339.9
2007-12-31,6339.8
2008-01-02,6353.2
2008-01-03,6290.7
2008-01-04,6306.8
2008-01-07,6161.6
2008-01-08,6128.1
2008-01-09,6087.7
2008-01-10,6078.7
2008-01-11,5981.6
2008-01-14,5980
2008-01-15,5960
2008-01-16,5809.7
2008-01-17,5796.1
2008-01-18,5747.3
2008-01-21,5580.4
2008-01-22,5186.8
2008-01-23,5412.3
2008-01-24,5580.4
2008-01-25,5860.3
2008-01-29,5716.5
2008-01-30,5618.7
2008-01-31,5650.3
2008-02-01,5842.9
2008-02-04,5867.4
2008-02-05,5792.9
2008-02-06,5609.4
2008-02-07,5596.7
2008-02-08,5658
2008-02-11,5537.6
2008-02-12,5608.1
2008-02-13,5542.1
2008-02-14,5684.8
2008-02-15,5606.6
2008-02-18,5558.4
2008-02-19,5619.1
2008-02-20,5496.5
2008-02-21,5583.4
2008-02-22,5559.9
2008-02-25,5621.6
2008-02-26,5666.1
2008-02-27,5767.2
2008-02-28,5651.2
2008-02-29,5572.1
2008-03-03,5405.8
2008-03-04,5380.3
2008-03-05,5376.6
2008-03-06,5435.5
2008-03-07,5264
2008-03-10,5180.4
2008-03-11,5134.2
2008-03-12,5257.9
2008-03-13,5135.9
2008-03-14,5206.9
2008-03-17,5087
2008-03-18,5086.1
2008-03-19,5289.1
2008-03-20,5127.5
2008-03-25,5318.4
2008-03-26,5381.4
2008-03-27,5371.6
2008-03-28,5351.1
2008-03-31,5355.7
2008-04-01,5361.2
2008-04-02,5502.9
2008-04-03,5608.9
2008-04-04,5619.6
2008-04-07,5625
2008-04-08,5571.5
2008-04-09,5520.2
2008-04-10,5446.4
2008-04-11,5439.3
2008-04-14,5342.4
2008-04-15,5400.4
2008-04-16,5470.3
2008-04-17,5519
2008-04-18,5429.7
2008-04-21,5600.3
2008-04-22,5564.6
2008-04-23,5652.9
2008-04-24,5587.3
2008-04-28,5602.7
2008-04-29,5606.9
2008-04-30,5595.4
2008-05-01,5585.8
2008-05-02,5700.4
2008-05-05,5730.3
2008-05-06,5701.4
2008-05-07,5668.4
2008-05-08,5723.2
2008-05-09,5771.8
2008-05-12,5828.5
2008-05-13,5812.7
2008-05-14,5872.7
2008-05-15,5890.7
2008-05-16,5931
2008-05-19,5949.4
2008-05-20,5908.1
2008-05-21,5823.4
2008-05-22,5826.9
2008-05-23,5768
2008-05-26,5707
2008-05-27,5714.4
2008-05-28,5648.1
2008-05-29,5709.4
2008-05-30,5654.7
2008-06-02,5662.3
2008-06-03,5574.2
2008-06-04,5584.5
2008-06-05,5530.1
2008-06-06,5592.1
2008-06-10,5437.5
2008-06-11,5467.3
2008-06-12,5329.2
2008-06-13,5378.1
2008-06-16,5371.7
2008-06-17,5422.7
2008-06-18,5443.2
2008-06-19,5366.6
2008-06-20,5288.3
2008-06-23,5283.7
2008-06-24,5290
2008-06-25,5237.8
2008-06-26,5307
2008-06-27,5237
2008-06-30,5215.3
2008-07-01,5138.9
2008-07-02,5094.8
2008-07-03,4998.3
2008-07-04,5082.1
2008-07-07,5002.5
2008-07-08,4932.9
2008-07-09,5011.9
2008-07-10,4937.4
2008-07-11,4979.9
2008-07-14,4921
2008-07-15,4815.7
2008-07-16,4870.6
2008-07-17,4901
2008-07-18,4840.4
2008-07-21,5011.8
2008-07-22,5005.6
2008-07-23,5105.3
2008-07-24,5144.1
2008-07-25,4970.5
2008-07-28,4922.1
2008-07-29,4847.4
2008-07-30,4936.7
2008-07-31,4977.4
2008-08-01,4904
2008-08-04,4887.7
2008-08-05,4820.4
2008-08-06,4969.1
2008-08-07,4983.3
2008-08-08,4986.2
2008-08-11,5026.1
2008-08-12,5053.6
2008-08-13,4951.6
2008-08-14,4981.1
2008-08-15,4981.7
2008-08-18,4985
2008-08-19,4866.4
2008-08-20,4929.5
2008-08-21,4875.2
2008-08-22,4931.4
2008-08-25,5014.9
2008-08-26,5007.5
2008-08-27,5011.2
2008-08-28,5066.5
2008-08-29,5135.6
2008-09-01,5118.3
2008-09-02,5116
2008-09-03,5060
2008-09-04,4979.5
2008-09-05,4877.1
2008-09-08,5067.5
2008-09-09,4980.1
2008-09-10,4905.5
2008-09-11,4814.3
2008-09-12,4903.8
2008-09-15,4817.7
2008-09-16,4750.8
2008-09-17,4722.2
2008-09-18,4607.3
2008-09-19,4804.1
2008-09-22,5020.5
2008-09-23,4923.5
2008-09-24,4981.9
2008-09-25,4927.4
2008-09-26,4904.8
2008-09-29,4807.4
2008-09-30,4600.5
2008-10-01,4794.6
2008-10-02,4761.1
2008-10-03,4695.4
2008-10-06,4540.4
2008-10-07,4618.7
2008-10-08,4388.1
2008-10-09,4320.9
2008-10-10,3960.7
2008-10-13,4180.7
2008-10-14,4335.2
2008-10-15,4300
2008-10-16,4013.4
2008-10-17,3970.8
2008-10-20,4142.3
2008-10-21,4302.5
2008-10-22,4156.1
2008-10-23,3974.4
2008-10-24,3869.4
2008-10-27,3809.2
2008-10-28,3794.6
2008-10-29,3845.6
2008-10-30,4001.1
2008-10-31,4018
2008-11-03,4221.5
2008-11-04,4215.1
2008-11-05,4336.6
2008-11-06,4149.7
2008-11-07,4051.3
2008-11-10,4107.8
2008-11-11,3960.9
2008-11-12,3927.3
2008-11-13,3697.3
2008-11-14,3748.1
2008-11-17,3653
2008-11-18,3523.2
2008-11-19,3499.6
2008-11-20,3352.9
2008-11-21,3416.5
2008-11-24,3425.1
2008-11-25,3623.4
2008-11-26,3540
2008-11-27,3588
2008-11-28,3742.5
2008-12-01,3681.2
2008-12-02,3528.2
2008-12-03,3533.8
2008-12-04,3532.4
2008-12-05,3489.9
2008-12-08,3631.6
2008-12-09,3604.3
2008-12-10,3640.7
2008-12-11,3598
2008-12-12,3510.4
2008-12-15,3591.4
2008-12-16,3556.2
2008-12-17,3570.6
2008-12-18,3581.2
2008-12-19,3615.7
2008-12-22,3557.4
2008-12-23,3531.4
2008-12-24,3582.2
2008-12-29,3621.1
2008-12-30,3654.2
2008-12-31,3722.3
2009-01-02,3713.8
2009-01-05,3687
2009-01-06,3742.7
2009-01-07,3779.7
2009-01-08,3694.3
2009-01-09,3735.7
2009-01-12,3683.3
2009-01-13,3654.6
2009-01-14,3687
2009-01-15,3529.5
2009-01-16,3550.9
2009-01-19,3589.3
2009-01-20,3476.6
2009-01-21,3442.8
2009-01-22,3486.8
2009-01-23,3342.7
2009-01-27,3444
2009-01-28,3495.5
2009-01-29,3526.2
2009-01-30,3540.7
2009-02-02,3497.4
2009-02-03,3508.7
2009-02-04,3437.9
2009-02-05,3428.6
2009-02-06,3469.9
2009-02-09,3508.6
2009-02-10,3488.7
2009-02-11,3474.4
2009-02-12,3514.3
2009-02-13,3559.1
2009-02-16,3516.9
2009-02-17,3464.3
2009-02-18,3413.2
2009-02-19,3448.9
2009-02-20,3402.4
2009-02-23,3351.2
2009-02-24,3331.6
2009-02-25,3327.5
2009-02-26,3345.5
2009-02-27,3344.5
2009-03-02,3250.1
2009-03-03,3219.2
2009-03-04,3166.4
2009-03-05,3188.5
2009-03-06,3145.5
2009-03-09,3154.5
2009-03-10,3184.5
2009-03-11,3244.4
2009-03-12,3235.5
2009-03-13,3345.2
2009-03-16,3348.4
2009-03-17,3451.9
2009-03-18,3446.3
2009-03-19,3480.2
2009-03-20,3465.8
2009-03-23,3550.3
2009-03-24,3580
2009-03-25,3609.3
2009-03-26,3646.6
2009-03-27,3672.3
2009-03-30,3604.4
2009-03-31,3582.1
2009-04-01,3579.7
2009-04-02,3680.2
2009-04-03,3735.6
2009-04-06,3756.6
2009-04-07,3706.3
2009-04-08,3619.5
2009-04-09,3671.6
2009-04-14,3752.9
2009-04-15,3747.5
2009-04-16,3775.7
2009-04-17,3776.7
2009-04-20,3769
2009-04-21,3677.4
2009-04-22,3668.2
2009-04-23,3743
2009-04-24,3712.3
2009-04-27,3731.6
2009-04-28,3708.4
2009-04-29,3695.3
2009-04-30,3780.5
2009-05-01,3769.6
2009-05-04,3883
2009-05-05,3890.4
2009-05-06,3867.1
2009-05-07,3938.7
2009-05-08,3941.7
2009-05-11,3926
2009-05-12,3877.2
2009-05-13,3856.1
2009-05-14,3723.4
2009-05-15,3773.2
2009-05-18,3735.6
2009-05-19,3817.3
2009-05-20,3824.6
2009-05-21,3813.9
2009-05-22,3761.6
2009-05-25,3737.9
2009-05-26,3788.4
2009-05-27,3801.1
2009-05-28,3755.7
2009-05-29,3818
2009-06-01,3894.4
2009-06-02,3955.3
2009-06-03,4017.2
2009-06-04,3934.6
2009-06-05,3971.2
2009-06-09,3934.9
2009-06-10,4024.4
2009-06-11,4047.2
2009-06-12,4062.2
2009-06-15,4031.7
2009-06-16,3962.5
2009-06-17,3904.1
2009-06-18,3892.1
2009-06-19,3899.6
2009-06-22,3918.2
2009-06-23,3796.9
2009-06-24,3807
2009-06-25,3856
2009-06-26,3903.8
2009-06-29,3886.9
2009-06-30,3954.9
2009-07-01,3874
2009-07-02,3877.3
2009-07-03,3828.2
2009-07-06,3783.7
2009-07-07,3766.9
2009-07-08,3767.9
2009-07-09,3763.3
2009-07-10,3794.1
2009-07-13,3737.5
2009-07-14,3867.1
2009-07-15,3924.5
2009-07-16,3995.6
2009-07-17,4000.8
2009-07-20,4050.3
2009-07-21,4050.7
2009-07-22,4068.5
2009-07-23,4064.1
2009-07-24,4089.8
2009-07-27,4139.6
2009-07-28,4169.5
2009-07-29,4142.8
2009-07-30,4190.5
2009-07-31,4244
2009-08-03,4263.4
2009-08-04,4309.3
2009-08-05,4264.5
2009-08-06,4326.3
2009-08-07,4299.4
2009-08-10,4304.1
2009-08-11,4332
2009-08-12,4343.1
2009-08-13,4435.9
2009-08-14,4461
2009-08-17,4388.4
2009-08-18,4381.6
2009-08-19,4373.8
2009-08-20,4377.5
2009-08-21,4290.6
2009-08-24,4426.1
2009-08-25,4405.8
2009-08-26,4454.5
2009-08-27,4450.8
2009-08-28,4489.6
2009-08-31,4479.1
2009-09-01,4514.6
2009-09-02,4438.2
2009-09-03,4429.6
2009-09-04,4435.5
2009-09-07,4454.4
2009-09-08,4523.8
2009-09-09,4522.2
2009-09-10,4570.8
2009-09-11,4596.1
2009-09-14,4531.1
2009-09-15,4540.3
2009-09-16,4650.4
2009-09-17,4714.9
2009-09-18,4693.2
2009-09-21,4677.4
2009-09-22,4663.7
2009-09-23,4734.1
2009-09-24,4701.2
2009-09-25,4713.3
2009-09-28,4677.4
2009-09-29,4753.1
2009-09-30,4743.6
2009-10-01,4701.1
2009-10-02,4601.7
2009-10-05,4573.3
2009-10-06,4591.6
2009-10-07,4695.7
2009-10-08,4768.6
2009-10-09,4752.9
2009-10-12,4739.8
2009-10-13,4785.7
2009-10-14,4831.1
2009-10-15,4859.9
2009-10-16,4836.4
2009-10-19,4792.8
2009-10-20,4846.2
2009-10-21,4838.6
2009-10-22,4812.8
2009-10-23,4859.4
2009-10-26,4830.3
2009-10-27,4753.5
2009-10-28,4685.1
2009-10-29,4574.7
2009-10-30,4643.2
2009-11-02,4540.4
2009-11-03,4531.5
2009-11-04,4540.1
2009-11-05,4508
2009-11-06,4594
2009-11-09,4674.9
2009-11-10,4733.6
2009-11-11,4757
2009-11-12,4747.9
2009-11-13,4706.4
2009-11-16,4755.2
2009-11-17,4729.4
2009-11-18,4739
2009-11-19,4749.2
2009-11-20,4685.8
2009-11-23,4717
2009-11-24,4685
2009-11-25,4722.2
2009-11-26,4708.6
2009-11-27,4572.1
2009-11-30,4701.4
2009-12-01,4719
2009-12-02,4762.4
2009-12-03,4774.6
2009-12-04,4702.2
2009-12-07,4676.5
2009-12-08,4670.6
2009-12-09,4637.9
2009-12-10,4606.7
2009-12-11,4635.2
2009-12-14,4654
2009-12-15,4673.5
2009-12-16,4661.9
2009-12-17,4670.3
2009-12-18,4650.5
2009-12-21,4635.1
2009-12-22,4704.2
2009-12-23,4739.3
2009-12-24,4790.9
2009-12-29,4845.1
2009-12-30,4833.3
2009-12-31,4870.6
2010-01-04,4876.3
2010-01-05,4924.3
2010-01-06,4921.4
2010-01-07,4899.4
2010-01-08,4912.1
2010-01-11,4950.7
2010-01-12,4899.5
2010-01-13,4868.1
2010-01-14,4898
2010-01-15,4899.6
2010-01-18,4911.1
2010-01-19,4861.2
2010-01-20,4868.2
2010-01-21,4827.2
2010-01-22,4750.6
2010-01-25,4717.9
2010-01-27,4644.6
2010-01-28,4673.3
2010-01-29,4569.6
2010-02-01,4524.1
2010-02-02,4605.3
2010-02-03,4647.9
2010-02-04,4621.6
2010-02-05,4514.1
2010-02-08,4521.4
2010-02-09,4505.1
2010-02-10,4513.4
2010-02-11,4554.3
2010-02-12,4562.1
2010-02-15,4545.5
2010-02-16,4567.8
2010-02-17,4667.9
2010-02-18,4654.9
2010-02-19,4635.1
2010-02-22,4717.5
2010-02-23,4718.3
2010-02-24,4648.5
2010-02-25,4594.1
2010-02-26,4637.7
2010-03-01,4686.5
2010-03-02,4701.9
2010-03-03,4735.7
2010-03-04,4750.5
2010-03-05,4767.2
2010-03-08,4807.9
2010-03-09,4820.1
2010-03-10,4820
2010-03-11,4814.2
2010-03-12,4818.1
2010-03-15,4784.1
2010-03-16,4797.2
2010-03-17,4853.2
2010-03-18,4863.1
2010-03-19,4872.2
2010-03-22,4830.2
2010-03-23,4874.8
2010-03-24,4891.5
2010-03-25,4885.4
2010-03-26,4896.9
2010-03-29,4897.3
2010-03-30,4916.8
2010-03-31,4875.5
2010-04-01,4907.7
2010-04-06,4953.7
2010-04-07,4960.9
2010-04-08,4937.9
2010-04-09,4948.1
2010-04-12,4984.3
2010-04-13,4951.6
2010-04-14,4994.7
2010-04-15,5001.9
2010-04-16,4984.7
2010-04-19,4915.1
2010-04-20,4925.8
2010-04-21,4954.3
2010-04-22,4907.4
2010-04-23,4881.5
2010-04-27,4880
2010-04-28,4822.8
2010-04-29,4785.6
2010-04-30,4807.4
2010-05-03,4785.5
2010-05-04,4737.1
2010-05-05,4674
2010-05-06,4573.2
2010-05-07,4480.7
2010-05-10,4599.8
2010-05-11,4548
2010-05-12,4573
2010-05-13,4652.8
2010-05-14,4611.1
2010-05-17,4467.2
2010-05-18,4470.7
2010-05-19,4387.1
2010-05-20,4316.5
2010-05-21,4305.4
2010-05-24,4395.4
2010-05-25,4265.3
2010-05-26,4307.2
2010-05-27,4379.2
2010-05-28,4457.5
2010-05-31,4429.7
2010-06-01,4413.1
2010-06-02,4381
2010-06-03,4486
2010-06-04,4449.4
2010-06-07,4325.9
2010-06-08,4381.2
2010-06-09,4385.3
2010-06-10,4435.3
2010-06-11,4505.5
2010-06-15,4505
2010-06-16,4559
2010-06-17,4527.3
2010-06-18,4551.9
2010-06-21,4612.6
2010-06-22,4558.3
2010-06-23,4486.1
2010-06-24,4479.7
2010-06-25,4413
2010-06-28,4384.6
2010-06-29,4345.7
2010-06-30,4301.5
2010-07-01,4237.5
2010-07-02,4238.7
2010-07-05,4222.1
2010-07-06,4276.1
2010-07-07,4254.6
2010-07-08,4356.9
2010-07-09,4396.3
2010-07-12,4409.9
2010-07-13,4380.3
2010-07-14,4462.4
2010-07-15,4442.6
2010-07-16,4422.7
2010-07-19,4358.3
2010-07-20,4403.6
2010-07-21,4412.7
2010-07-22,4374.7
2010-07-23,4458.4
2010-07-26,4486.1
2010-07-27,4497.4
2010-07-28,4529.9
2010-07-29,4524.1
2010-07-30,4493.5
2010-08-02,4541.6
2010-08-03,4571.6
2010-08-04,4542.1
2010-08-05,4566.5
2010-08-06,4566.1
2010-08-09,4594.9
2010-08-10,4540.7
2010-08-11,4455.5
2010-08-12,4400.9
2010-08-13,4459.6
2010-08-16,4438.5
2010-08-17,4477
2010-08-18,4474.9
2010-08-19,4479
2010-08-20,4430.9
2010-08-23,4429
2010-08-24,4381.3
2010-08-25,4320.1
2010-08-26,4356
2010-08-27,4370.1
2010-08-30,4452.7
2010-08-31,4404.2
2010-09-01,4495.7
2010-09-02,4532.7
2010-09-03,4541.2
2010-09-06,4575.5
2010-09-07,4573.2
2010-09-08,4537.2
2010-09-09,4582.2
2010-09-10,4560.3
2010-09-13,4614.9
2010-09-14,4626.5
2010-09-15,4661.5
2010-09-16,4605.3
2010-09-17,4638.9
2010-09-20,4631.3
2010-09-21,4617.5
2010-09-22,4625.2
2010-09-23,4633.6
2010-09-24,4601.9
2010-09-27,4675.4
2010-09-28,4669.8
2010-09-29,4645
2010-09-30,4582.9
2010-10-01,4579.2
2010-10-04,4625.3
2010-10-05,4606.9
2010-10-06,4686.8
2010-10-07,4691.3
2010-10-08,4681.4
2010-10-11,4697.5
2010-10-12,4618.2
2010-10-13,4619.9
2010-10-14,4699.1
2010-10-15,4689
2010-10-18,4651.9
2010-10-19,4655.7
2010-10-20,4624.9
2010-10-21,4622.9
2010-10-22,4648.2
2010-10-25,4710
2010-10-26,4687.8
2010-10-27,4648.1
2010-10-28,4684.9
2010-10-29,4661.6
2010-11-01,4698.5
2010-11-02,4701.4
2010-11-03,4722.6
2010-11-04,4745.3
2010-11-05,4800.6
2010-11-08,4778.4
2010-11-09,4740.7
2010-11-10,4699.8
2010-11-11,4728.6
2010-11-12,4692.7
2010-11-15,4688
2010-11-16,4700.3
2010-11-17,4624.3
2010-11-18,4640.2
2010-11-19,4629.2
2010-11-22,4643.5
2010-11-23,4589.1
2010-11-24,4584.7
2010-11-25,4593.4
2010-11-26,4598.3
2010-11-29,4618.5
2010-11-30,4584.4
2010-12-01,4586.6
2010-12-02,4676.2
2010-12-03,4694.2
2010-12-06,4688.6
2010-12-07,4726.8
2010-12-08,4699.9
2010-12-09,4741.3
2010-12-10,4745.9
2010-12-13,4757.1
2010-12-14,4766.9
2010-12-15,4767.8
2010-12-16,4784
2010-12-17,4763.1
2010-12-20,4736.6
2010-12-21,4771.9
2010-12-22,4778.4
2010-12-23,4799
2010-12-24,4777.3
2010-12-29,4775.2
2010-12-30,4790.4
2010-12-31,4745.2
2011-01-04,4742.5
2011-01-05,4714.9
2011-01-06,4725
2011-01-07,4705
2011-01-10,4712.3
2011-01-11,4710.7
2011-01-12,4724.2
2011-01-13,4795.2
2011-01-14,4801.5
2011-01-17,4763.1
2011-01-18,4801.8
2011-01-19,4834.6
2011-01-20,4783.7
2011-01-21,4755.7
2011-01-24,4786
2011-01-25,4807.8
2011-01-27,4806.1
2011-01-28,4774.9
2011-01-31,4753.9
2011-02-01,4752.1
2011-02-02,4796.5
2011-02-03,4820.6
2011-02-04,4862.7
2011-02-07,4868.6
2011-02-08,4890.4
2011-02-09,4904.8
2011-02-10,4914.4
2011-02-11,4880.9
2011-02-14,4935.8
2011-02-15,4931
2011-02-16,4930.2
2011-02-17,4938.4
2011-02-18,4936.7
2011-02-21,4900
2011-02-22,4856.7
2011-02-23,4845.9
2011-02-24,4809.3
2011-02-25,4836.5
2011-02-28,4831.7
2011-03-01,4826.4
2011-03-02,4803.2
2011-03-03,4806.4
2011-03-04,4864.3
2011-03-07,4797.9
2011-03-08,4808.2
2011-03-09,4767.8
2011-03-10,4699.7
2011-03-11,4644.8
2011-03-14,4626.4
2011-03-15,4528.7
2011-03-16,4558.2
2011-03-17,4555.3
2011-03-18,4626.4
2011-03-21,4642.8
2011-03-22,4643.4
2011-03-23,4652.4
2011-03-24,4699.6
2011-03-25,4742.6
2011-03-28,4733.6
2011-03-29,4755.8
2011-03-30,4822.2
2011-03-31,4837.9
2011-04-01,4861.8
2011-04-04,4886.8
2011-04-05,4900.1
2011-04-06,4912.9
2011-04-07,4908.1
2011-04-08,4940.6
2011-04-11,4971.2
2011-04-12,4898.7
2011-04-13,4911
2011-04-14,4884.2
2011-04-15,4852.1
2011-04-18,4861.9
2011-04-19,4793.3
2011-04-20,4859
2011-04-21,4913.8
2011-04-27,4872.9
2011-04-28,4873
2011-04-29,4823.2
2011-05-02,4825.3
2011-05-03,4784.6
2011-05-04,4740.1
2011-05-05,4753.7
2011-05-06,4743
2011-05-09,4756.8
2011-05-10,4725.8
2011-05-11,4780.2
2011-05-12,4696.1
2011-05-13,4711.4
2011-05-16,4650
2011-05-17,4683.9
2011-05-18,4693.7
2011-05-19,4756.4
2011-05-20,4732.2
2011-05-23,4643
2011-05-24,4628.8
2011-05-25,4584.7
2011-05-26,4660.2
2011-05-27,4684
2011-05-30,4667.5
2011-05-31,4708.3
2011-06-01,4707.3
2011-06-02,4600.4
2011-06-03,4583.1
2011-06-06,4569.1
2011-06-07,4566.3
2011-06-08,4536.8
2011-06-09,4549.6
2011-06-10,4562.1
2011-06-14,4585
2011-06-15,4566.8
2011-06-16,4479.2
2011-06-17,4484.9
2011-06-20,4451.7
2011-06-21,4508.2
2011-06-22,4532.6
2011-06-23,4500.5
2011-06-24,4508.1
2011-06-27,4461.8
2011-06-28,4474.3
2011-06-29,4529.5
2011-06-30,4608
2011-07-01,4591.2
2011-07-04,4610.7
2011-07-05,4598.1
2011-07-06,4605
2011-07-07,4605.5
2011-07-08,4654.7
2011-07-11,4582.3
2011-07-12,4495.4
2011-07-13,4514.8
2011-07-14,4490.7
2011-07-15,4473.5
2011-07-18,4472
2011-07-19,4468.1
2011-07-20,4549.7
2011-07-21,4556
2011-07-22,4602.9
2011-07-25,4530.4
2011-07-26,4573.3
2011-07-27,4537.4
2011-07-28,4463.8
2011-07-29,4424.6
2011-08-01,4497.8
2011-08-02,4433.6
2011-08-03,4332.8
2011-08-04,4276.5
2011-08-05,4105.4
2011-08-08,3986.1
2011-08-09,4034.8
2011-08-10,4141.3
2011-08-11,4140.8
2011-08-12,4172.6
2011-08-15,4282.9
2011-08-16,4247.3
2011-08-17,4303.9
2011-08-18,4251.2
2011-08-19,4101.9
2011-08-22,4082.3
2011-08-23,4173.4
2011-08-24,4167.6
2011-08-25,4212.8
2011-08-26,4200
2011-08-29,4263.3
2011-08-30,4269.2
2011-08-31,4296.5
2011-09-01,4307.5
2011-09-02,4242.9
2011-09-05,4141.9
2011-09-06,4075.5
2011-09-07,4183.4
2011-09-08,4188
2011-09-09,4194.7
2011-09-12,4038.5
2011-09-13,4072.7
2011-09-14,4005.8
2011-09-15,4071.7
2011-09-16,4149.4
2011-09-19,4081.5
2011-09-20,4040.2
2011-09-21,4071.8
2011-09-22,3964.9
2011-09-23,3903.2
2011-09-26,3863.9
2011-09-27,4004.6
2011-09-28,4039.5
2011-09-29,4008.3
2011-09-30,4008.6
2011-10-03,3897
2011-10-04,3872.1
2011-10-05,3926.5
2011-10-06,4069.9
2011-10-07,4162.9
2011-10-10,4201
2011-10-11,4227.6
2011-10-12,4204.3
2011-10-13,4244.5
2011-10-14,4205.6
2011-10-17,4275.4
2011-10-18,4186.9
2011-10-19,4213.7
2011-10-20,4144.9
2011-10-21,4141.9
2011-10-24,4255
2011-10-25,4227.9
2011-10-26,4242.5
2011-10-27,4348.2
2011-10-28,4353.3
2011-10-31,4298.1
2011-11-01,4232.9
2011-11-02,4184.6
2011-11-03,4171.8
2011-11-04,4281.1
2011-11-07,4273.4
2011-11-08,4293.8
2011-11-09,4346.1
2011-11-10,4244.1
2011-11-11,4296.5
2011-11-14,4304.6
2011-11-15,4285.6
2011-11-16,4247.4
2011-11-17,4258.2
2011-11-18,4177
2011-11-21,4163
2011-11-22,4133
2011-11-23,4051
2011-11-24,4044.2
2011-11-25,3984.3
2011-11-28,4058.2
2011-11-29,4102.1
2011-11-30,4119.8
2011-12-01,4228.6
2011-12-02,4288
2011-12-05,4321.3
2011-12-06,4262
2011-12-07,4292.5
2011-12-08,4280.7
2011-12-09,4203
2011-12-12,4252.8
2011-12-13,4193.4
2011-12-14,4190.5
2011-12-15,4139.8
2011-12-16,4159.2
2011-12-19,4060.4
2011-12-20,4053.1
2011-12-21,4139.5
2011-12-22,4090.8
2011-12-23,4140.4
2011-12-28,4088.8
2011-12-29,4071.1
2011-12-30,4056.6
2012-01-03,4101.2
2012-01-04,4187.8
2012-01-05,4142.7
2012-01-06,4108.5
2012-01-09,4105.4
2012-01-10,4152.2
2012-01-11,4187.5
2012-01-12,4181
2012-01-13,4195.9
2012-01-16,4147.2
2012-01-17,4215.6
2012-01-18,4217.9
2012-01-19,4214.8
2012-01-20,4239.6
2012-01-23,4225.1
2012-01-24,4224.2
2012-01-25,4271.3
2012-01-27,4288.4
2012-01-30,4272.7
2012-01-31,4262.7
2012-02-01,4225.7
2012-02-02,4267.8
2012-02-03,4251.2
2012-02-06,4296
2012-02-07,4274.2
2012-02-08,4290.7
2012-02-09,4282.9
2012-02-10,4245.3
2012-02-13,4285.1
2012-02-14,4242.8
2012-02-15,4253.4
2012-02-16,4181.9
2012-02-17,4195.9
2012-02-20,4256.1
2012-02-21,4291.2
2012-02-22,4293.1
2012-02-23,4286.2
2012-02-24,4306.8
2012-02-27,4267.4
2012-02-28,4262.7
2012-02-29,4298.5
2012-03-01,4255.5
2012-03-02,4273.1
2012-03-05,4263
2012-03-06,4204.7
2012-03-07,4143.7
2012-03-08,4171
2012-03-09,4212
2012-03-12,4196.7
2012-03-13,4247.6
2012-03-14,4287.2
2012-03-15,4277.8
2012-03-16,4276.2
2012-03-19,4290.8
2012-03-20,4275
2012-03-21,4254.3
2012-03-22,4273.7
2012-03-23,4270.4
2012-03-26,4262.8
2012-03-27,4301.3
2012-03-28,4343.5
2012-03-29,4337.9
2012-03-30,4335.2
2012-04-02,4329.3
2012-04-03,4337
2012-04-04,4333.9
2012-04-05,4319.8
2012-04-10,4292.3
2012-04-11,4246.1
2012-04-12,4280.6
2012-04-13,4323.3
2012-04-16,4302.3
2012-04-17,4288.8
2012-04-18,4348.7
2012-04-19,4362.7
2012-04-20,4366.5
2012-04-23,4352.4
2012-04-24,4360.4
2012-04-26,4375.2
2012-04-27,4362.1
2012-04-30,4396.6
2012-05-01,4429.5
2012-05-02,4435.9
2012-05-03,4429
2012-05-04,4396
2012-05-07,4301.3
2012-05-08,4314.4
2012-05-09,4275.1
2012-05-10,4295.6
2012-05-11,4285.1
2012-05-14,4297
2012-05-15,4266.3
2012-05-16,4165.5
2012-05-17,4157.4
2012-05-18,4046.5
2012-05-21,4073.6
2012-05-22,4121
2012-05-23,4067
2012-05-24,4055.8
2012-05-25,4029.2
2012-05-28,4068
2012-05-29,4114.4
2012-05-30,4094.2
2012-05-31,4076.3
2012-06-01,4063.9
2012-06-04,3985
2012-06-05,4043.7
2012-06-06,4055.3
2012-06-07,4108.6
2012-06-08,4063.7
2012-06-12,4072.9
2012-06-13,4063.8
2012-06-14,4042.2
2012-06-15,4057.3
2012-06-18,4136.9
2012-06-19,4123.3
2012-06-20,4132.4
2012-06-21,4087.6
2012-06-22,4048.2
2012-06-25,4027.8
2012-06-26,4013.3
2012-06-27,4043.2
2012-06-28,4044.8
2012-06-29,4094.6
2012-07-02,4133
2012-07-03,4127.2
2012-07-04,4172.2
2012-07-05,4169.2
2012-07-06,4157.8
2012-07-09,4118.3
2012-07-10,4098
2012-07-11,4096.5
2012-07-12,4068
2012-07-13,4082.2
2012-07-16,4105.1
2012-07-17,4140.8
2012-07-18,4123.6
2012-07-19,4206.7
2012-07-20,4199.1
2012-07-23,4128.9
2012-07-24,4133.2
2012-07-25,4123.9
2012-07-26,4147.7
2012-07-27,4209.8
2012-07-30,4245.7
2012-07-31,4269.2
2012-08-01,4262.8
2012-08-02,4269.5
2012-08-03,4221.5
2012-08-06,4272.6
2012-08-07,4291.6
2012-08-08,4312.6
2012-08-09,4308.3
2012-08-10,4277.3
2012-08-13,4283.3
2012-08-14,4292.2
2012-08-15,4281.2
2012-08-16,4330.2
2012-08-17,4370.1
2012-08-20,4364.3
2012-08-21,4383.4
2012-08-22,4376
2012-08-23,4383.7
2012-08-24,4349
2012-08-27,4343.7
2012-08-28,4359.4
2012-08-29,4356.4
2012-08-30,4315.7
2012-08-31,4316.1
2012-09-03,4329.7
2012-09-04,4303.5
2012-09-05,4278.8
2012-09-06,4312.9
2012-09-07,4325.8
2012-09-10,4333.8
2012-09-11,4325.8
2012-09-12,4361.3
2012-09-13,4339.4
2012-09-14,4390
2012-09-17,4402.5
2012-09-18,4394.7
2012-09-19,4418.4
2012-09-20,4397.2
2012-09-21,4408.3
2012-09-24,4385.5
2012-09-25,4372.9
2012-09-26,4361.6
2012-09-27,4384.2
2012-09-28,4387
2012-10-01,4388.6
2012-10-02,4433
2012-10-03,4438.6
2012-10-04,4452.4
2012-10-05,4494.4
2012-10-08,4481.9
2012-10-09,4505.3
2012-10-10,4490.7
2012-10-11,4483.5
2012-10-12,4486.6
2012-10-15,4483.4
2012-10-16,4491.5
2012-10-17,4528.2
2012-10-18,4559.4
2012-10-19,4571.1
2012-10-22,4541
2012-10-23,4543.1
2012-10-24,4505.8
2012-10-25,4510.5
2012-10-26,4472.4
2012-10-29,4476.9
2012-10-30,4485.7
2012-10-31,4517
2012-11-01,4457.7
2012-11-02,4460.1
2012-11-05,4474.1
2012-11-06,4484.8
2012-11-07,4516.5
2012-11-08,4483.8
2012-11-09,4462
2012-11-12,4448
2012-11-13,4379.8
2012-11-14,4388.4
2012-11-15,4349.3
2012-11-16,4336.8
2012-11-19,4361.4
2012-11-20,4385.7
2012-11-21,4369.5
2012-11-22,4413.1
2012-11-23,4413
2012-11-26,4424.2
2012-11-27,4456.8
2012-11-28,4447.3
2012-11-29,4477.7
2012-11-30,4506
2012-12-03,4531.5
2012-12-04,4503.6
2012-12-05,4520.4
2012-12-06,4509.3
2012-12-07,4551.8
2012-12-10,4557.9
2012-12-11,4576
2012-12-12,4583.8
2012-12-13,4582.8
2012-12-14,4583.1
2012-12-17,4573.4
2012-12-18,4595.2
2012-12-19,4617.8
2012-12-20,4634.1
2012-12-21,4623.6
2012-12-24,4635.2
2012-12-27,4648
2012-12-28,4671.3
2012-12-31,4649
2013-01-02,4705.9
2013-01-03,4740.7
2013-01-04,4723.8
2013-01-07,4717.3
2013-01-08,4690.3
2013-01-09,4708.1
2013-01-10,4723
2013-01-11,4709.5
2013-01-14,4719.7
2013-01-15,4716.6
2013-01-16,4738.4
2013-01-17,4756.6
2013-01-18,4771.2
2013-01-21,4777.5
2013-01-22,4779.1
2013-01-23,4787.8
2013-01-24,4810.2
2013-01-25,4835.2
2013-01-29,4889
2013-01-30,4896.7
2013-01-31,4878.8
2013-02-01,4921.1
2013-02-04,4907.5
2013-02-05,4882.7
2013-02-06,4921
2013-02-07,4935.7
2013-02-08,4971.3
2013-02-11,4959.5
2013-02-12,4959
2013-02-13,5003.7
2013-02-14,5036.9
2013-02-15,5033.9
2013-02-18,5063.4
2013-02-19,5081.9
2013-02-20,5098.7
2013-02-21,4980.1
2013-02-22,5018.1
2013-02-25,5055.8
2013-02-26,5003.6
2013-02-27,5036.6
2013-02-28,5104.1
2013-03-01,5086.1
2013-03-04,5010.5
2013-03-05,5075.4
2013-03-06,5116.8
2013-03-07,5109.2
2013-03-08,5123.4
2013-03-11,5146.9
2013-03-12,5117.9
2013-03-13,5092.4
2013-03-14,5032.2
2013-03-15,5120.2
2013-03-18,5015.4
2013-03-19,4987.4
2013-03-20,4967.4
2013-03-21,4959.4
2013-03-22,4967.3
2013-03-25,4990.2
2013-03-26,4950.2
2013-03-27,4995
2013-03-28,4966.5
2013-04-02,4985.5
2013-04-03,4957.7
2013-04-04,4913.5
2013-04-05,4891.4
2013-04-08,4905.5
2013-04-09,4976.8
2013-04-10,4968
2013-04-11,5007.1
2013-04-12,5013.5
2013-04-15,4967.9
2013-04-16,4950.8
2013-04-17,5004.6
2013-04-18,4924.4
2013-04-19,4931.9
2013-04-22,4966.6
2013-04-23,5016.2
2013-04-24,5102.4
2013-04-26,5097.5
2013-04-29,5125.8
2013-04-30,5191.2
2013-05-01,5166.2
2013-05-02,5130
2013-05-03,5129.5
2013-05-06,5156.2
2013-05-07,5143.7
2013-05-08,5199.8
2013-05-09,5198.4
2013-05-10,5206.1
2013-05-13,5210.3
2013-05-14,5221
2013-05-15,5191.7
2013-05-16,5165.7
2013-05-17,5180.8
2013-05-20,5209
2013-05-21,5180.1
2013-05-22,5165.4
2013-05-23,5062.4
2013-05-24,4983.5
2013-05-27,4959.9
2013-05-28,4970.7
2013-05-29,4974.7
2013-05-30,4930.7
2013-05-31,4926.6
2013-06-03,4888.3
2013-06-04,4900.8
2013-06-05,4835.2
2013-06-06,4781.2
2013-06-07,4737.7
2013-06-11,4757.1
2013-06-12,4724.5
2013-06-13,4695.8
2013-06-14,4791.8
2013-06-17,4825.9
2013-06-18,4814.4
2013-06-19,4861.4
2013-06-20,4758.4
2013-06-21,4738.8
2013-06-24,4669.1
2013-06-25,4656
2013-06-26,4731.7
2013-06-27,4811.3
2013-06-28,4802.6
2013-07-01,4710.3
2013-07-02,4834
2013-07-03,4744.1
2013-07-04,4794.7
2013-07-05,4841.7
2013-07-08,4809.5
2013-07-09,4881.7
2013-07-10,4901.4
2013-07-11,4965.7
2013-07-12,4973.9
2013-07-15,4981.1
2013-07-16,4986
2013-07-17,4981.7
2013-07-18,4993.4
2013-07-19,4972.1
2013-07-22,5001.9
2013-07-23,5017.1
2013-07-24,5035.1
2013-07-25,5035.6
2013-07-26,5042
2013-07-29,5046.3
2013-07-30,5047.2
2013-07-31,5052
2013-08-01,5061.5
2013-08-02,5116.8
2013-08-05,5111.3
2013-08-06,5105.6
2013-08-07,5011.3
2013-08-08,5064.8
2013-08-09,5055.2
2013-08-12,5108.7
2013-08-13,5157.7
2013-08-14,5157.4
2013-08-15,5152.4
2013-08-16,5113.9
2013-08-19,5112.5
2013-08-20,5078.2
2013-08-21,5100
2013-08-22,5075.7
2013-08-23,5123.4
2013-08-26,5135.4
2013-08-27,5141.2
2013-08-28,5087.2
2013-08-29,5092.4
2013-08-30,5135
2013-09-02,5188.3
2013-09-03,5196.6
2013-09-04,5161.6
2013-09-05,5142.5
2013-09-06,5145
2013-09-09,5181.5
2013-09-10,5201.2
2013-09-11,5234.4
2013-09-12,5242.5
2013-09-13,5219.6
2013-09-16,5248
2013-09-17,5251.2
2013-09-18,5238.1
2013-09-19,5295.6
2013-09-20,5276.7
2013-09-23,5252.5
2013-09-24,5234.2
2013-09-25,5275.9
2013-09-26,5294.5
2013-09-27,5307.1
2013-09-30,5218.9
2013-10-01,5206.8
2013-10-02,5215.6
2013-10-03,5234.9
2013-10-04,5208
2013-10-07,5161.1
2013-10-08,5149.4
2013-10-09,5153
2013-10-10,5147.1
2013-10-11,5230.9
2013-10-14,5207.9
2013-10-15,5259.1
2013-10-16,5262.9
2013-10-17,5283.1
2013-10-18,5321.5
2013-10-21,5351.8
2013-10-22,5373.1
2013-10-23,5356.1
2013-10-24,5372.9
2013-10-25,5386.3
2013-10-28,5441.4
2013-10-29,5415.5
2013-10-30,5430.9
2013-10-31,5425.5
2013-11-01,5411.1
2013-11-04,5390.5
2013-11-05,5432
2013-11-06,5433.8
2013-11-07,5422
2013-11-08,5400.7
2013-11-11,5387.1
2013-11-12,5393.1
2013-11-13,5319.2
2013-11-14,5355.4
2013-11-15,5401.7
2013-11-18,5384.7
2013-11-19,5352.9
2013-11-20,5307.7
2013-11-21,5288.3
2013-11-22,5335.9
2013-11-25,5352.8
2013-11-26,5357
2013-11-27,5332.9
2013-11-28,5334.3
2013-11-29,5320.1
2013-12-02,5279.5
2013-12-03,5256.1
2013-12-04,5273.8
2013-12-05,5198
2013-12-06,5186
2013-12-09,5144.4
2013-12-10,5143.6
2013-12-11,5104.3
2013-12-12,5062.5
2013-12-13,5098.4
2013-12-16,5089.6
2013-12-17,5103.2
2013-12-18,5096.1
2013-12-19,5202.2
2013-12-20,5265.2
2013-12-23,5291.9
2013-12-24,5327.2
2013-12-27,5324.1
2013-12-30,5356.8
2013-12-31,5352.2
2014-01-02,5367.9
2014-01-03,5350.1
2014-01-06,5324.9
2014-01-07,5317
2014-01-08,5316
2014-01-09,5324.4
2014-01-10,5312.4
2014-01-13,5292.1
2014-01-14,5212
2014-01-15,5245.4
2014-01-16,5309.1
2014-01-17,5305.9
2014-01-20,5295
2014-01-21,5331.5
2014-01-22,5319.8
2014-01-23,5263
2014-01-24,5240.9
2014-01-28,5175.1
2014-01-29,5229
2014-01-30,5188.1
2014-01-31,5190
2014-02-03,5187.9
2014-02-04,5097.1
2014-02-05,5070.3
2014-02-06,5131.4
2014-02-07,5166.5
2014-02-10,5222.1
2014-02-11,5254.5
2014-02-12,5310.1
2014-02-13,5308.1
2014-02-14,5356.3
2014-02-17,5382.9
2014-02-18,5392.8
2014-02-19,5408.2
2014-02-20,5412.3
2014-02-21,5438.7
2014-02-24,5440.2
2014-02-25,5433.8
2014-02-26,5437
2014-02-27,5411.4
2014-02-28,5404.8
2014-03-03,5384.3
2014-03-04,5400.2
2014-03-05,5446.2
2014-03-06,5445.9
2014-03-07,5462.3
2014-03-10,5411.5
2014-03-11,5413.8
2014-03-12,5384.2
2014-03-13,5412.6
2014-03-14,5329.4
2014-03-17,5317.6
2014-03-18,5344.6
2014-03-19,5355.6
2014-03-20,5294
2014-03-21,5338.1
2014-03-24,5346.9
2014-03-25,5336.6
2014-03-26,5376.8
2014-03-27,5350.1
2014-03-28,5366.9
2014-03-31,5394.8
2014-04-01,5389.2
2014-04-02,5403.3
2014-04-03,5409.9
2014-04-04,5422.8
2014-04-07,5413.7
2014-04-08,5410.6
2014-04-09,5463.8
2014-04-10,5480.8
2014-04-11,5428.6
2014-04-14,5358.9
2014-04-15,5388.2
2014-04-16,5420.3
2014-04-17,5454.2
2014-04-22,5479.3
2014-04-23,5517.8
2014-04-24,5531
2014-04-28,5536.1
2014-04-29,5486.6
2014-04-30,5489.1
2014-05-01,5448.8
2014-05-02,5458.1
2014-05-05,5462.2
2014-05-06,5481.4
2014-05-07,5435.8
2014-05-08,5476.8
2014-05-09,5460.8
2014-05-12,5448.4
2014-05-13,5498.2
2014-05-14,5496.5
2014-05-15,5510.8
2014-05-16,5479
2014-05-19,5409
2014-05-20,5420.4
2014-05-21,5424.6
2014-05-22,5479.9
2014-05-23,5492.8
2014-05-26,5512.8
2014-05-27,5511.7
2014-05-28,5527.2
2014-05-29,5519.5
2014-05-30,5492.5
2014-06-02,5518.5
2014-06-03,5479.7
2014-06-04,5444.8
2014-06-05,5436.9
2014-06-06,5464
2014-06-10,5469.7
2014-06-11,5454
2014-06-12,5428.8
2014-06-13,5405.1
2014-06-16,5412.3
2014-06-17,5400.7
2014-06-18,5382.7
2014-06-19,5468.2
2014-06-20,5419.5
2014-06-23,5453.3
2014-06-24,5432.8
2014-06-25,5402
2014-06-26,5464.3
2014-06-27,5445.1
2014-06-30,5395.7
2014-07-01,5375.9
2014-07-02,5455.4
2014-07-03,5491.2
2014-07-04,5525
2014-07-07,5518.9
2014-07-08,5510.9
2014-07-09,5452.5
2014-07-10,5464.4
2014-07-11,5486.8
2014-07-14,5511.4
2014-07-15,5511.3
2014-07-16,5518.9
2014-07-17,5522.4
2014-07-18,5531.7
2014-07-21,5539.9
2014-07-22,5543.3
2014-07-23,5576.7
2014-07-24,5587.8
2014-07-25,5583.5
2014-07-28,5577.4
2014-07-29,5588.4
2014-07-30,5622.9
2014-07-31,5632.9
2014-08-01,5556.4
2014-08-04,5540.9
2014-08-05,5518.6
2014-08-06,5512
2014-08-07,5509
2014-08-08,5435.3
2014-08-11,5457
2014-08-12,5530.3
2014-08-13,5514.7
2014-08-14,5548.5
2014-08-15,5566.5
2014-08-18,5587.1
2014-08-19,5623.8
2014-08-20,5634.6
2014-08-21,5638.9
2014-08-22,5645.6
2014-08-25,5634.9
2014-08-26,5637.6
2014-08-27,5651.2
2014-08-28,5624.4
2014-08-29,5625.9
2014-09-01,5629.8
2014-09-02,5658.5
2014-09-03,5656.1
2014-09-04,5631.3
2014-09-05,5598.7
2014-09-08,5577
2014-09-09,5607.9
2014-09-10,5574.3
2014-09-11,5546.1
2014-09-12,5531.1
2014-09-15,5473.5
2014-09-16,5445.4
2014-09-17,5407.3
2014-09-18,5415.8
2014-09-19,5433.1
2014-09-22,5363
2014-09-23,5415.7
2014-09-24,5375.8
2014-09-25,5382.2
2014-09-26,5313.4
2014-09-29,5264.2
2014-09-30,5292.8
2014-10-01,5334.1
2014-10-02,5297.7
2014-10-03,5318.2
2014-10-06,5292.9
2014-10-07,5284.2
2014-10-08,5241.3
2014-10-09,5296.7
2014-10-10,5188.3
2014-10-13,5155.5
2014-10-14,5207.4
2014-10-15,5245.6
2014-10-16,5254.9
2014-10-17,5271.7
2014-10-20,5319.4
2014-10-21,5325
2014-10-22,5385.9
2014-10-23,5383.1
2014-10-24,5412.2
2014-10-27,5459
2014-10-28,5452.6
2014-10-29,5447.7
2014-10-30,5476.2
2014-10-31,5526.6
2014-11-03,5506.9
2014-11-04,5519.9
2014-11-05,5517.9
2014-11-06,5506.1
2014-11-07,5549.1
2014-11-10,5524
2014-11-11,5517.1
2014-11-12,5463.1
2014-11-13,5442.7
2014-11-14,5454.3
2014-11-17,5412.5
2014-11-18,5399.7
2014-11-19,5368.8
2014-11-20,5316.2
2014-11-21,5304.3
2014-11-24,5361.8
2014-11-25,5334.8
2014-11-26,5396.2
2014-11-27,5400.9
2014-11-28,5313
2014-12-01,5207.7
2014-12-02,5281.3
2014-12-03,5321.8
2014-12-04,5368.8
2014-12-05,5335.3
2014-12-08,5372.7
2014-12-09,5282.7
2014-12-10,5259
2014-12-11,5231
2014-12-12,5219.6
2014-12-15,5186.1
2014-12-16,5152.3
2014-12-17,5161.9
2014-12-18,5210.8
2014-12-19,5338.6
2014-12-22,5442
2014-12-23,5380.9
2014-12-24,5394.5
2014-12-29,5473.8
2014-12-30,5416.6
2014-12-31,5411
2015-01-02,5435.9
2015-01-05,5450.3
2015-01-06,5364.8
2015-01-07,5353.6
2015-01-08,5381.5
2015-01-09,5465.6
2015-01-12,5422.7
2015-01-13,5404.7
2015-01-14,5353.6
2015-01-15,5331.4
2015-01-16,5299.2
2015-01-19,5309.1
2015-01-20,5307.7
2015-01-21,5393.4
2015-01-22,5419.9
2015-01-23,5501.8
2015-01-27,5547.2
2015-01-28,5552.8
2015-01-29,5569.5
2015-01-30,5588.3
2015-02-02,5625.3
2015-02-03,5707.4
2015-02-04,5777.3
2015-02-05,5811
2015-02-06,5820.2
2015-02-09,5814.9
2015-02-10,5800.6
2015-02-11,5769.1
2015-02-12,5743.6
2015-02-13,5877.5
2015-02-16,5888.7
2015-02-17,5858.2
2015-02-18,5915.7
2015-02-19,5904.2
2015-02-20,5881.5
2015-02-23,5908
2015-02-24,5927
2015-02-25,5944.9
2015-02-26,5908.5
2015-02-27,5928.8
2015-03-02,5958.9
2015-03-03,5933.9
2015-03-04,5901.6
2015-03-05,5904.2
2015-03-06,5898.9
2015-03-09,5821.4
2015-03-10,5824.2
2015-03-11,5793.2
2015-03-12,5850.2
2015-03-13,5814.5
2015-03-16,5797.7
2015-03-17,5842.1
2015-03-18,5842.3
2015-03-19,5950.8
2015-03-20,5975.5
2015-03-23,5956.1
2015-03-24,5969.1
2015-03-25,5973.3
2015-03-26,5879.1
2015-03-27,5919.9
2015-03-30,5846.1
2015-03-31,5891.5
2015-04-01,5860.8
2015-04-02,5898.6
2015-04-07,5926
2015-04-08,5960.7
2015-04-09,5932.2
2015-04-10,5968.4
2015-04-13,5960.3
2015-04-14,5946.6
2015-04-15,5908.4
2015-04-16,5947.5
2015-04-17,5877.9
2015-04-20,5833.1
2015-04-21,5872.3
2015-04-22,5837.5
2015-04-23,5844.8
2015-04-24,5933.3
2015-04-27,5982.7
2015-04-28,5948.5
2015-04-29,5838.6
2015-04-30,5790
2015-05-01,5814.4
2015-05-04,5827.5
2015-05-05,5826.5
2015-05-06,5692.2
2015-05-07,5645.7
2015-05-08,5634.6
2015-05-11,5625.2
2015-05-12,5674.7
2015-05-13,5715.1
2015-05-14,5696.6
2015-05-15,5735.5
2015-05-18,5659.2
2015-05-19,5615.5
2015-05-20,5610.3
2015-05-21,5662.3
2015-05-22,5664.7
2015-05-25,5721.5
2015-05-26,5773.4
2015-05-27,5725.3
2015-05-28,5713.1
2015-05-29,5777.2
2015-06-01,5735.4
2015-06-02,5636
2015-06-03,5583.6
2015-06-04,5504.3
2015-06-05,5498.5
2015-06-09,5471.3
2015-06-10,5478.6
2015-06-11,5556.7
2015-06-12,5545.3
2015-06-15,5538.8
2015-06-16,5535.8
2015-06-17,5595.4
2015-06-18,5524.9
2015-06-19,5597
2015-06-22,5610.2
2015-06-23,5684.3
2015-06-24,5686.8
2015-06-25,5632.7
2015-06-26,5545.9
2015-06-29,5422.5
2015-06-30,5459
2015-07-01,5515.7
2015-07-02,5599.8
2015-07-03,5538.3
2015-07-06,5475
2015-07-07,5581.4
2015-07-08,5469.5
2015-07-09,5471
2015-07-10,5492
2015-07-13,5473.2
2015-07-14,5577.4
2015-07-15,5636.2
2015-07-16,5669.6
2015-07-17,5670.1
2015-07-20,5686.9
2015-07-21,5706.7
2015-07-22,5614.6
2015-07-23,5590.3
2015-07-24,5566.1
2015-07-27,5589.9
2015-07-28,5584.7
2015-07-29,5624.2
2015-07-30,5669.5
2015-07-31,5699.2
2015-08-03,5679.3
2015-08-04,5697.9
2015-08-05,5674
2015-08-06,5610.1
2015-08-07,5474.8
2015-08-10,5509.2
2015-08-11,5473.2
2015-08-12,5382.1
2015-08-13,5387.9
2015-08-14,5356.5
2015-08-17,5367.7
2015-08-18,5303.1
2015-08-19,5380.2
2015-08-20,5288.6
2015-08-21,5214.6
2015-08-24,5001.3
2015-08-25,5137.3
2015-08-26,5172.8
2015-08-27,5233.3
2015-08-28,5263.6
2015-08-31,5207
2015-09-01,5096.4
2015-09-02,5101.5
2015-09-03,5027.8
2015-09-04,5040.6
2015-09-07,5030.4
2015-09-08,5115.3
2015-09-09,5221.1
2015-09-10,5095
2015-09-11,5071.1
2015-09-14,5096.5
2015-09-15,5018.4
2015-09-16,5098.9
2015-09-17,5146.8
2015-09-18,5170.5
2015-09-21,5066.2
2015-09-22,5103.6
2015-09-23,4998.1
2015-09-24,5071.7
2015-09-25,5042.1
2015-09-28,5113.5
2015-09-29,4918.4
2015-09-30,5021.6
2015-10-01,5112.1
2015-10-02,5052
2015-10-05,5150.5
2015-10-06,5167.4
2015-10-07,5197.9
2015-10-08,5210.4
2015-10-09,5279.7
2015-10-12,5232.9
2015-10-13,5202.9
2015-10-14,5197.3
2015-10-15,5230
2015-10-16,5268.2
2015-10-19,5269.7
2015-10-20,5235.6
2015-10-21,5248.3
2015-10-22,5263.8
2015-10-23,5351.6
2015-10-26,5348
2015-10-27,5346.2
2015-10-28,5335.2
2015-10-29,5266.9
2015-10-30,5239.4
2015-11-02,5165.8
2015-11-03,5239.2
2015-11-04,5242.3
2015-11-05,5193
2015-11-06,5215
2015-11-09,5119.5
2015-11-10,5099.2
2015-11-11,5122.6
2015-11-12,5125.7
2015-11-13,5051.3
2015-11-16,5003.8
2015-11-17,5118.2
2015-11-18,5133.1
2015-11-19,5242.6
2015-11-20,5256.1
2015-11-23,5276.4
2015-11-24,5226.4
2015-11-25,5193.7
2015-11-26,5210.7
2015-11-27,5202.6
2015-11-30,5166.5
2015-12-01,5266.1
2015-12-02,5258.3
2015-12-03,5227.7
2015-12-04,5151.6
2015-12-07,5155.7
2015-12-08,5108.6
2015-12-09,5080.5
2015-12-10,5037.7
2015-12-11,5029.5
2015-12-14,4928.6
2015-12-15,4909.6
2015-12-16,5028.4
2015-12-17,5102
2015-12-18,5106.7
2015-12-21,5109
2015-12-22,5116.7
2015-12-23,5141.8
2015-12-24,5207.6
2015-12-29,5267.3
2015-12-30,5319.9
2015-12-31,5295.9
2016-01-04,5270.5
2016-01-05,5184.4
2016-01-06,5123.1
2016-01-07,5010.3
2016-01-08,4990.8
2016-01-11,4932.2
2016-01-12,4925.1
2016-01-13,4987.4
2016-01-14,4909.4
2016-01-15,4892.8
2016-01-18,4858.7
2016-01-19,4903.1
2016-01-20,4841.5
2016-01-21,4864
2016-01-22,4916
2016-01-25,5006.6
2016-01-27,4946.4
2016-01-28,4976.2
2016-01-29,5005.5
2016-02-01,5043.6
2016-02-02,4993.3
2016-02-03,4876.8
2016-02-04,4980.4
2016-02-05,4976.2
2016-02-08,4975.4
2016-02-09,4832.1
2016-02-10,4775.7
2016-02-11,4821.1
2016-02-12,4765.3
2016-02-15,4843.5
2016-02-16,4910
2016-02-17,4882.1
2016-02-18,4992
2016-02-19,4952.8
2016-02-22,5001.2
2016-02-23,4979.6
2016-02-24,4875
2016-02-25,4881.2
2016-02-26,4880
2016-02-29,4880.9
2016-03-01,4922.3
2016-03-02,5021.2
2016-03-03,5081.1
2016-03-04,5090
2016-03-07,5142.8
2016-03-08,5108
2016-03-09,5157.2
2016-03-10,5150.1
2016-03-11,5166.4
2016-03-14,5185.5
2016-03-15,5111.4
2016-03-16,5119
2016-03-17,5168.2
2016-03-18,5183.1
2016-03-21,5166.6
2016-03-22,5166.6
2016-03-23,5142.3
2016-03-24,5084.2
2016-03-29,5004.5
2016-03-30,5010.3
2016-03-31,5082.8
2016-04-01,4999.4
2016-04-04,4995.3
2016-04-05,4924.4
2016-04-06,4945.9
2016-04-07,4964.1
2016-04-08,4937.6
2016-04-11,4931.5
2016-04-12,4975.6
2016-04-13,5054.7
2016-04-14,5118.6
2016-04-15,5157.5
2016-04-18,5137.1
2016-04-19,5188.8
2016-04-20,5216
2016-04-21,5272.7
2016-04-22,5236.4
2016-04-26,5220.6
2016-04-27,5187.7
2016-04-28,5225.4
2016-04-29,5252.2
2016-05-02,5243
2016-05-03,5353.8
2016-05-04,5271.1
2016-05-05,5279.1
2016-05-06,5292
2016-05-09,5320.7
2016-05-10,5342.8
2016-05-11,5372.3
2016-05-12,5359.3
2016-05-13,5329
2016-05-16,5358.9
2016-05-17,5395.9
2016-05-18,5356.2
2016-05-19,5323.3
2016-05-20,5351.3
2016-05-23,5318.9
2016-05-24,5295.6
2016-05-25,5372.5
2016-05-26,5388.1
2016-05-27,5405.9
2016-05-30,5408
2016-05-31,5378.6
2016-06-01,5323.2
2016-06-02,5278.9
2016-06-03,5318.9
2016-06-06,5360.4
2016-06-07,5371
2016-06-08,5370
2016-06-09,5361.9
2016-06-10,5312.6
2016-06-14,5203.3
2016-06-15,5147.1
2016-06-16,5146
2016-06-17,5162.7
2016-06-20,5256.8
2016-06-21,5274.4
2016-06-22,5270.9
2016-06-23,5280.7
2016-06-24,5113.2
2016-06-27,5137.2
2016-06-28,5103.3
2016-06-29,5142.4
2016-06-30,5233.4
2016-07-01,5246.6
2016-07-04,5281.8
2016-07-05,5228
2016-07-06,5197.5
2016-07-07,5227.9
2016-07-08,5230.5
2016-07-11,5337.1
2016-07-12,5353.2
2016-07-13,5388.5
2016-07-14,5411.6
2016-07-15,5429.6
2016-07-18,5458.5
2016-07-19,5451.3
2016-07-20,5488.7
2016-07-21,5512.4
2016-07-22,5498.2
2016-07-25,5533.6
2016-07-26,5537.5
2016-07-27,5539.7
2016-07-28,5556.6
2016-07-29,5562.4
2016-08-01,5587.4
2016-08-02,5540.5
2016-08-03,5465.7
2016-08-04,5475.8
2016-08-05,5497.4
2016-08-08,5537.8
2016-08-09,5552.5
2016-08-10,5543.7
2016-08-11,5508
2016-08-12,5530.9
2016-08-15,5540
2016-08-16,5532
2016-08-17,5535
2016-08-18,5507.8
2016-08-19,5526.7
2016-08-22,5515.1
2016-08-23,5553.8
2016-08-24,5561.7
2016-08-25,5541.9
2016-08-26,5515.5
2016-08-29,5469.2
2016-08-30,5478.3
2016-08-31,5433
2016-09-01,5415.6
2016-09-02,5372.8
2016-09-05,5429.6
2016-09-06,5413.6
2016-09-07,5424.3
2016-09-08,5385.8
2016-09-09,5339.2
2016-09-12,5219.6
2016-09-13,5207.8
2016-09-14,5227.7
2016-09-15,5239.9
2016-09-16,5296.7
2016-09-19,5294.8
2016-09-20,5303.6
2016-09-21,5339.6
2016-09-22,5374.5
2016-09-23,5431.3
2016-09-26,5431.4
2016-09-27,5405.9
2016-09-28,5412.4
2016-09-29,5471.3
2016-09-30,5435.9
2016-10-03,5478.5
2016-10-04,5484
2016-10-05,5452.9
2016-10-06,5483
2016-10-07,5467.4
2016-10-10,5475.4
2016-10-11,5479.8
2016-10-12,5474.6
2016-10-13,5435.5
2016-10-14,5434
2016-10-17,5388.7
2016-10-18,5410.8
2016-10-19,5435.4
2016-10-20,5442.1
2016-10-21,5430.3
2016-10-24,5408.5
2016-10-25,5442.8
2016-10-26,5359.8
2016-10-27,5295.5
2016-10-28,5283.8
2016-10-31,5317.7
2016-11-01,5290.5
2016-11-02,5229
2016-11-03,5225.6
2016-11-04,5180.8
2016-11-07,5250.8
2016-11-08,5257.8
2016-11-09,5156.6
2016-11-10,5328.8
2016-11-11,5370.7
2016-11-14,5345.7
2016-11-15,5326.2
2016-11-16,5327.7
2016-11-17,5338.5
2016-11-18,5359.4
2016-11-21,5351.3
2016-11-22,5413.3
2016-11-23,5484.4
2016-11-24,5485.1
2016-11-25,5507.8
2016-11-28,5464.4
2016-11-29,5457.5
2016-11-30,5440.5
2016-12-01,5500.2
2016-12-02,5444
2016-12-05,5400.4
2016-12-06,5428.7
2016-12-07,5478.1
2016-12-08,5543.6
2016-12-09,5560.6
2016-12-12,5562.8
2016-12-13,5545
2016-12-14,5584.6
2016-12-15,5538.6
2016-12-16,5532.9
2016-12-19,5562.1
2016-12-20,5591.1
2016-12-21,5613.5
2016-12-22,5643.9
2016-12-23,5627.9
2016-12-28,5685
2016-12-29,5699.1
2016-12-30,5665.8
2017-01-03,5733.2
2017-01-04,5736.4
2017-01-05,5753.4
2017-01-06,5755.6
2017-01-09,5807.4
2017-01-10,5760.7
2017-01-11,5771.5
2017-01-12,5766.9
2017-01-13,5721.1
2017-01-16,5748.4
2017-01-17,5699.4
2017-01-18,5678.8
2017-01-19,5692.2
2017-01-20,5654.8
2017-01-23,5611
2017-01-24,5650.1
2017-01-25,5671.5
2017-01-27,5714
2017-01-30,5661.5
2017-01-31,5620.9
2017-02-01,5653.2
2017-02-02,5645.4
2017-02-03,5621.6
2017-02-06,5615.6
2017-02-07,5621.9
2017-02-08,5651.4
2017-02-09,5664.6
2017-02-10,5720.6
2017-02-13,5760.7
2017-02-14,5755.2
2017-02-15,5809.1
2017-02-16,5816.3
2017-02-17,5805.8
2017-02-20,5795.1
2017-02-21,5791
2017-02-22,5805.1
2017-02-23,5784.7
2017-02-24,5739
2017-02-27,5724.2
2017-02-28,5712.2
2017-03-01,5704.8
2017-03-02,5776.6
2017-03-03,5729.6
2017-03-06,5746.5
2017-03-07,5761.4
2017-03-08,5759.7
2017-03-09,5741.2
2017-03-10,5775.6
2017-03-13,5757.3
2017-03-14,5759.1
2017-03-15,5774
2017-03-16,5785.8
2017-03-17,5799.6
2017-03-20,5778.9
2017-03-21,5774.6
2017-03-22,5684.5
2017-03-23,5708
2017-03-24,5753.5
2017-03-27,5746.7
2017-03-28,5821.2
2017-03-29,5873.5
2017-03-30,5896.2
2017-03-31,5864.9
2017-04-03,5872.7
2017-04-04,5856.6
2017-04-05,5876.2
2017-04-06,5856.3
2017-04-07,5862.5
2017-04-10,5912.9
2017-04-11,5929.3
2017-04-12,5934
2017-04-13,5890
2017-04-18,5836.7
2017-04-19,5804
2017-04-20,5821.4
2017-04-21,5854.1
2017-04-24,5871.8
2017-04-26,5912
2017-04-27,5921.5
2017-04-28,5924.1
2017-05-01,5956.5
2017-05-02,5950.4
2017-05-03,5892.3
2017-05-04,5876.4
2017-05-05,5836.6
2017-05-08,5870.9
2017-05-09,5839.9
2017-05-10,5875.4
2017-05-11,5878.3
2017-05-12,5836.9
2017-05-15,5838.4
2017-05-16,5850.5
2017-05-17,5786
2017-05-18,5738.3
2017-05-19,5727.4
2017-05-22,5771.2
2017-05-23,5760.2
2017-05-24,5769
2017-05-25,5789.6
2017-05-26,5751.7
2017-05-29,5707.1
2017-05-30,5717.9
2017-05-31,5724.6
2017-06-01,5738.1
2017-06-02,5788.1
2017-06-05,5754.9
2017-06-06,5667.5
2017-06-07,5667.2
2017-06-08,5676.6
2017-06-09,5677.8
2017-06-13,5772.8
2017-06-14,5833.9
2017-06-15,5763.2
2017-06-16,5774
2017-06-19,5805.2
2017-06-20,5757.3
2017-06-21,5665.7
2017-06-22,5706
2017-06-23,5715.9
2017-06-26,5720.2
2017-06-27,5714.2
2017-06-28,5755.7
2017-06-29,5818.1
2017-06-30,5721.5
2017-07-03,5684.5
2017-07-04,5783.8
2017-07-05,5763.3
2017-07-06,5758.8
2017-07-07,5703.6
2017-07-10,5724.4
2017-07-11,5728.9
2017-07-12,5673.8
2017-07-13,5736.8
2017-07-14,5765.1
2017-07-17,5755.5
2017-07-18,5687.4
2017-07-19,5732.1
2017-07-20,5761.5
2017-07-21,5722.8
2017-07-24,5688.1
2017-07-25,5726.6
2017-07-26,5776.6
2017-07-27,5785
2017-07-28,5702.8
2017-07-31,5720.6
2017-08-01,5772.4
2017-08-02,5744.2
2017-08-03,5735.1
2017-08-04,5720.6
2017-08-07,5773.6
2017-08-08,5743.8
2017-08-09,5765.7
2017-08-10,5760.9
2017-08-11,5693.1
2017-08-14,5730.4
2017-08-15,5757.5
2017-08-16,5785.1
2017-08-17,5779.2
2017-08-18,5747.1
2017-08-21,5725.9
2017-08-22,5750.1
2017-08-23,5737.2
2017-08-24,5745.5
2017-08-25,5743.9
2017-08-28,5709.9
2017-08-29,5669
2017-08-30,5669.7
2017-08-31,5714.5
2017-09-01,5724.6
2017-09-04,5702
2017-09-05,5706.2
2017-09-06,5689.7
2017-09-07,5689.9
2017-09-08,5672.6
2017-09-11,5713.1
2017-09-12,5746.4
2017-09-13,5744.3
2017-09-14,5738.7
2017-09-15,5695
2017-09-18,5720.6
2017-09-19,5713.6
2017-09-20,5709.1
2017-09-21,5655.4
2017-09-22,5682.1
2017-09-25,5683.7
2017-09-26,5671
2017-09-27,5664.3
2017-09-28,5670.4
2017-09-29,5681.6
2017-10-02,5729.3
2017-10-03,5701.4
2017-10-04,5652.1
2017-10-05,5651.8
2017-10-06,5710.7
2017-10-09,5739.3
2017-10-10,5738.1
2017-10-11,5772.1
2017-10-12,5794.5
2017-10-13,5814.2
2017-10-16,5846.8
2017-10-17,5889.6
2017-10-18,5890.5
2017-10-19,5896.1
2017-10-20,5907
2017-10-23,5894
2017-10-24,5897.6
2017-10-25,5905.6
2017-10-26,5916.3
2017-10-27,5903.2
2017-10-30,5919.1
2017-10-31,5909
2017-11-01,5937.8
2017-11-02,5931.7
2017-11-03,5959.9
2017-11-06,5953.8
2017-11-07,6014.3
2017-11-08,6016.3
2017-11-09,6049.4
2017-11-10,6029.4
2017-11-13,6021.8
2017-11-14,5968.7
2017-11-15,5934.2
2017-11-16,5943.5
2017-11-17,5957.3
2017-11-20,5945.7
2017-11-21,5963.5
2017-11-22,5986.4
2017-11-23,5986.2
2017-11-24,5982.6
2017-11-27,5988.8
2017-11-28,5984.3
2017-11-29,6011.1
2017-11-30,5969.9
2017-12-01,5989.8
2017-12-04,5985.6
2017-12-05,5971.8
2017-12-06,5945.7
2017-12-07,5977.7
2017-12-08,5994.4
2017-12-11,5998.3
2017-12-12,6013.2
2017-12-13,6021.8
2017-12-14,6011.3
2017-12-15,5997
2017-12-18,6038.9
2017-12-19,6071.8
2017-12-20,6075.6
2017-12-21,6060.4
2017-12-22,6069.7
2017-12-27,6069.9
2017-12-28,6088.1
2017-12-29,6065.1
2018-01-02,6061.3
2018-01-03,6070.4
2018-01-04,6077.1
2018-01-05,6122.3
2018-01-08,6130.4
2018-01-09,6135.8
2018-01-10,6096.7
2018-01-11,6067.6
2018-01-12,6070.1
2018-01-15,6077.1
2018-01-16,6048.6
2018-01-17,6015.8
2018-01-18,6014.6
2018-01-19,6005.8
2018-01-22,5991.9
2018-01-23,6037
2018-01-24,6054.7
2018-01-25,6050
2018-01-29,6075.4
2018-01-30,6022.8
2018-01-31,6037.7
2018-02-01,6090.1
2018-02-02,6121.4
2018-02-05,6026.2
2018-02-06,5833.3
2018-02-07,5876.8
2018-02-08,5890.7
2018-02-09,5838
2018-02-12,5820.7
2018-02-13,5855.9
2018-02-14,5841.2
2018-02-15,5909
2018-02-16,5904
2018-02-19,5941.6
2018-02-20,5940.9
2018-02-21,5943.7
2018-02-22,5950.9
2018-02-23,5999.8
2018-02-26,6042.2
2018-02-27,6056.9
2018-02-28,6016
2018-03-01,5973.3
2018-03-02,5928.9
2018-03-05,5895
2018-03-06,5962.4
2018-03-07,5902
2018-03-08,5942.9
2018-03-09,5963.2
2018-03-12,5996.1
2018-03-13,5974.7
2018-03-14,5935.3
2018-03-15,5920.9
2018-03-16,5949.4
2018-03-19,5959.4
2018-03-20,5936.4
2018-03-21,5950.3
2018-03-22,5937.2
2018-03-23,5820.7
2018-03-26,5790.5
2018-03-27,5832.3
2018-03-28,5789.5
2018-03-29,5759.4
2018-04-03,5751.9
2018-04-04,5761.4
2018-04-05,5788.8
2018-04-06,5788.7
2018-04-09,5808.7
2018-04-10,5857
2018-04-11,5828.7
2018-04-12,5815.5
2018-04-13,5829.1
2018-04-16,5841.3
2018-04-17,5841.5
2018-04-18,5861.4
2018-04-19,5881
2018-04-20,5868.8
2018-04-23,5886
2018-04-24,5921.6
2018-04-26,5910.8
2018-04-27,5953.6
2018-04-30,5982.7
2018-05-01,6015.2
2018-05-02,6050.2
2018-05-03,6098.3
2018-05-04,6062.9
2018-05-07,6084.5
2018-05-08,6091.9
2018-05-09,6108
2018-05-10,6118.7
2018-05-11,6116.2
2018-05-14,6135.3
2018-05-15,6097.8
2018-05-16,6107
2018-05-17,6094.3
2018-05-18,6087.4
2018-05-21,6084.5
2018-05-22,6041.9
2018-05-23,6032.5
2018-05-24,6037.1
2018-05-25,6032.8
2018-05-28,6004
2018-05-29,6013.6
2018-05-30,5984.7
2018-05-31,6011.9
2018-06-01,5990.4
2018-06-04,6025.5
2018-06-05,5994.9
2018-06-06,6025.1
2018-06-07,6057.3
2018-06-08,6045.2
2018-06-12,6054.4
2018-06-13,6023.5
2018-06-14,6016.6
2018-06-15,6094
2018-06-18,6104.1
2018-06-19,6102.1
2018-06-20,6172.6
2018-06-21,6232.1
2018-06-22,6225.2
2018-06-25,6210.4
2018-06-26,6197.6
2018-06-27,6195.9
2018-06-28,6215.4
2018-06-29,6194.6
2018-07-02,6177.8
2018-07-03,6210.2
2018-07-04,6183.4
2018-07-05,6215.5
2018-07-06,6272.3
2018-07-09,6286
2018-07-10,6258.1
2018-07-11,6215.6
2018-07-12,6268.3
2018-07-13,6268.4
2018-07-16,6241.5
2018-07-17,6203.6
2018-07-18,6245.1
2018-07-19,6262.7
2018-07-20,6285.9
2018-07-23,6227.6
2018-07-24,6265.8
2018-07-25,6247.6
2018-07-26,6244.5
2018-07-27,6300.2
2018-07-30,6278.4
2018-07-31,6280.2
2018-08-01,6275.7
2018-08-02,6240.9
2018-08-03,6234.8
2018-08-06,6273
2018-08-07,6253.9
2018-08-08,6268.5
2018-08-09,6297.7
2018-08-10,6278.4
2018-08-13,6252.2
2018-08-14,6299.6
2018-08-15,6329
2018-08-16,6328.3
2018-08-17,6339.2
2018-08-20,6345
2018-08-21,6284.4
2018-08-22,6266
2018-08-23,6244.4
2018-08-24,6247.3
2018-08-27,6268.9
2018-08-28,6304.7
2018-08-29,6352.2
2018-08-30,6351.8
2018-08-31,6319.5
2018-09-03,6310.9
2018-09-04,6293.1
2018-09-05,6230.4
2018-09-06,6160.4
2018-09-07,6143.8
2018-09-10,6141.7
2018-09-11,6179.7
2018-09-12,6175.9
2018-09-13,6128.7
2018-09-14,6165.3
2018-09-17,6185
2018-09-18,6161.5
2018-09-19,6190
2018-09-20,6169.5
2018-09-21,6194.6
2018-09-24,6186.9
2018-09-25,6185.9
2018-09-26,6192.3
2018-09-27,6181.2
2018-09-28,6207.6
2018-10-01,6172.3
2018-10-02,6126.2
2018-10-03,6146.1
2018-10-04,6176.3
2018-10-05,6185.5
2018-10-08,6100.3
2018-10-09,6041.1
2018-10-10,6049.8
2018-10-11,5883.8
2018-10-12,5895.7
2018-10-15,5837.1
2018-10-16,5869.9
2018-10-17,5939.1
2018-10-18,5942.4
2018-10-19,5939.5
2018-10-22,5904.9
2018-10-23,5843.1
2018-10-24,5829
2018-10-25,5664.1
2018-10-26,5665.2
2018-10-29,5728.2
2018-10-30,5805.1
2018-10-31,5830.3
2018-11-01,5840.8
2018-11-02,5849.2
2018-11-05,5818.1
2018-11-06,5875.2
2018-11-07,5896.9
2018-11-08,5928.2
2018-11-09,5921.8
2018-11-12,5941.3
2018-11-13,5834.2
2018-11-14,5732.8
2018-11-15,5736
2018-11-16,5730.6
2018-11-19,5693.7
2018-11-20,5671.8
2018-11-21,5642.8
2018-11-22,5691.3
2018-11-23,5716.2
2018-11-26,5671.6
2018-11-27,5728.3
2018-11-28,5725.1
2018-11-29,5758.4
2018-11-30,5667.2
2018-12-03,5771.2
2018-12-04,5713.1
2018-12-05,5668.4
2018-12-06,5657.7
2018-12-07,5681.5
2018-12-10,5552.5
2018-12-11,5575.9
2018-12-12,5653.5
2018-12-13,5661.6
2018-12-14,5602
2018-12-17,5658.3
2018-12-18,5589.5
2018-12-19,5580.6
2018-12-20,5505.8
2018-12-21,5467.6
2018-12-24,5493.8
2018-12-27,5597.2
2018-12-28,5654.3
2018-12-31,5646.4
2019-01-02,5557.8
2019-01-03,5633.4
2019-01-04,5619.4
2019-01-07,5683.2
2019-01-08,5722.4
2019-01-09,5778.3
2019-01-10,5795.3
2019-01-11,5774.6
2019-01-14,5773.4
2019-01-15,5814.6
2019-01-16,5835.2
2019-01-17,5850.1
2019-01-18,5879.6
2019-01-21,5890.4
2019-01-22,5858.8
2019-01-23,5843.7
2019-01-24,5865.7
2019-01-25,5905.6
2019-01-29,5874.2
2019-01-30,5886.7
2019-01-31,5864.7
2019-02-01,5862.8
2019-02-04,5891.2
2019-02-05,6005.9
2019-02-06,6026.1
2019-02-07,6092.5
2019-02-08,6071.5
2019-02-11,6060.8
2019-02-12,6079.1
2019-02-13,6063.6
2019-02-14,6059.4
2019-02-15,6066.1
2019-02-18,6089.8
2019-02-19,6106.9
2019-02-20,6096.5
2019-02-21,6139.2
2019-02-22,6167.3
2019-02-25,6186.3
2019-02-26,6128.4
2019-02-27,6150.3
2019-02-28,6169
2019-03-01,6192.7
2019-03-04,6217.4
2019-03-05,6199.3
2019-03-06,6245.6
2019-03-07,6263.9
2019-03-08,6203.8
2019-03-11,6180.2
2019-03-12,6174.8
2019-03-13,6161.2
2019-03-14,6179.6
2019-03-15,6175.2
2019-03-18,6190.5
2019-03-19,6184.8
2019-03-20,6165.3
2019-03-21,6167.2
2019-03-22,6195.2
2019-03-25,6126.2
2019-03-26,6130.6
2019-03-27,6136
2019-03-28,6176.1
2019-03-29,6180.7
2019-04-01,6217
2019-04-02,6242.4
2019-04-03,6285
2019-04-04,6232.8
2019-04-05,6181.3
2019-04-08,6221.4
2019-04-09,6221.8
2019-04-10,6223.5
2019-04-11,6198.7
2019-04-12,6251.3
2019-04-15,6251.4
2019-04-16,6277.4
2019-04-17,6256.4
2019-04-18,6259.8
2019-04-23,6319.4
2019-04-24,6382.1
2019-04-26,6385.6
2019-04-29,6359.5
2019-04-30,6325.5
2019-05-01,6375.9
2019-05-02,6338.4
2019-05-03,6335.8
2019-05-06,6283.7
2019-05-07,6295.7
2019-05-08,6269.1
2019-05-09,6295.3
2019-05-10,6310.9
2019-05-13,6297.6
2019-05-14,6239.9
2019-05-15,6284.2
2019-05-16,6327.8
2019-05-17,6365.3
2019-05-20,6476.1
2019-05-21,6500.1
2019-05-22,6510.7
2019-05-23,6491.8
2019-05-24,6456
2019-05-27,6451.9
2019-05-28,6484.8
2019-05-29,6440
2019-05-30,6392.1
2019-05-31,6396.9
2019-06-03,6320.6
2019-06-04,6332.4
2019-06-05,6358.5
2019-06-06,6383
2019-06-07,6443.9
2019-06-11,6546.3
2019-06-12,6543.7
2019-06-13,6542.4
2019-06-14,6554
2019-06-17,6530.9
2019-06-18,6570
2019-06-19,6648.1
2019-06-20,6687.4
2019-06-21,6650.8
2019-06-24,6665.4
2019-06-25,6658
2019-06-26,6640.5
2019-06-27,6666.3
2019-06-28,6618.8
2019-07-01,6648.1
2019-07-02,6653.2
2019-07-03,6685.5
2019-07-04,6718
2019-07-05,6751.3
2019-07-08,6672.3
2019-07-09,6665.7
2019-07-10,6689.8
2019-07-11,6716.1
2019-07-12,6696.5
2019-07-15,6653
2019-07-16,6641
2019-07-17,6673.3
2019-07-18,6649.1
2019-07-19,6700.3
2019-07-22,6691.2
2019-07-23,6724.6
2019-07-24,6776.7
2019-07-25,6818
2019-07-26,6793.4
2019-07-29,6825.8
2019-07-30,6845.1
2019-07-31,6812.6
2019-08-01,6788.9
2019-08-02,6768.6
2019-08-05,6640.3
2019-08-06,6478.1
2019-08-07,6519.5
2019-08-08,6568.1
2019-08-09,6584.4
2019-08-12,6590.3
2019-08-13,6568.5
2019-08-14,6595.9
2019-08-15,6408.1
2019-08-16,6405.5
2019-08-19,6467.4
2019-08-20,6545
2019-08-21,6483.3
2019-08-22,6501.8
2019-08-23,6523.1
2019-08-26,6440.1
2019-08-27,6471.2
2019-08-28,6500.6
2019-08-29,6507.4
2019-08-30,6604.2
2019-09-02,6579.4
2019-09-03,6573.4
2019-09-04,6553
2019-09-05,6613.2
2019-09-06,6647.3
2019-09-09,6648
2019-09-10,6614.1
2019-09-11,6638
2019-09-12,6654.9
2019-09-13,6669.2
2019-09-16,6673.5
2019-09-17,6695.3
2019-09-18,6681.6
2019-09-19,6717.5
2019-09-20,6730.8
2019-09-23,6749.7
2019-09-24,6748.9
2019-09-25,6710.2
2019-09-26,6677.6
2019-09-27,6716.1
2019-09-30,6688.3
2019-10-01,6742.8
2019-10-02,6639.9
2019-10-03,6493
2019-10-04,6517.1
2019-10-07,6563.6
2019-10-08,6593.4
2019-10-09,6546.7
2019-10-10,6547.1
2019-10-11,6606.8
2019-10-14,6642.6
2019-10-15,6652
2019-10-16,6736.5
2019-10-17,6684.7
2019-10-18,6649.7
2019-10-21,6652.5
2019-10-22,6672.2
2019-10-23,6673.1
2019-10-24,6693.6
2019-10-25,6739.2
2019-10-28,6740.7
2019-10-29,6745.4
2019-10-30,6689.5
2019-10-31,6663.4
2019-11-01,6669.1
2019-11-04,6686.9
2019-11-05,6697.1
2019-11-06,6660.2
2019-11-07,6726.6
2019-11-08,6724.1
2019-11-11,6772.5
2019-11-12,6753
2019-11-13,6698.4
2019-11-14,6735.1
2019-11-15,6793.7
2019-11-18,6766.8
2019-11-19,6814.2
2019-11-20,6722.4
2019-11-21,6672.9
2019-11-22,6709.8
2019-11-25,6731.4
2019-11-26,6787.5
2019-11-27,6850.6
2019-11-28,6864
2019-11-29,6846
2019-12-02,6862.3
2019-12-03,6712.3
2019-12-04,6606.5
2019-12-05,6683
2019-12-06,6707
2019-12-09,6730
2019-12-10,6706.9
2019-12-11,6752.6
2019-12-12,6708.8
2019-12-13,6739.7
2019-12-16,6849.7
2019-12-17,6847.3
2019-12-18,6851.4
2019-12-19,6833.1
2019-12-20,6816.3
2019-12-23,6785.1
2019-12-24,6794.2
2019-12-27,6821.7
2019-12-30,6804.9
2019-12-31,6684.1
2020-01-02,6690.6
2020-01-03,6733.5
2020-01-06,6735.7
2020-01-07,6826.4
2020-01-08,6817.6
2020-01-09,6874.2
2020-01-10,6929
2020-01-13,6903.7
2020-01-14,6962.2
2020-01-15,6994.8
2020-01-16,7041.8
2020-01-17,7064.1
2020-01-20,7079.5
2020-01-21,7066.3
2020-01-22,7132.7
2020-01-23,7088
2020-01-24,7090.5
2020-01-28,6994.5
2020-01-29,7031.5
2020-01-30,7008.4
2020-01-31,7017.2
2020-02-03,6923.3
2020-02-04,6948.7
2020-02-05,6976.1
2020-02-06,7049.2
2020-02-07,7022.6
2020-02-10,7012.5
2020-02-11,7055.3
2020-02-12,7088.2
2020-02-13,7103.2
2020-02-14,7130.2
2020-02-17,7125.1
2020-02-18,7113.7
2020-02-19,7144.6
2020-02-20,7162.5
2020-02-21,7139
2020-02-24,6978.3
2020-02-25,6866.6
2020-02-26,6708.1
2020-02-27,6657.9
2020-02-28,6441.2
2020-03-02,6391.5
2020-03-03,6435.7
2020-03-04,6325.4
2020-03-05,6395.7
2020-03-06,6216.2
2020-03-09,5760.6
2020-03-10,5939.6
2020-03-11,5725.9
2020-03-12,5304.6
2020-03-13,5539.3
2020-03-16,5002
2020-03-17,5293.4
2020-03-18,4953.2
2020-03-19,4782.9
2020-03-20,4816.6
2020-03-23,4546
2020-03-24,4735.7
2020-03-25,4998.1
2020-03-26,5113.3
2020-03-27,4842.4
2020-03-30,5181.4
2020-03-31,5076.8
2020-04-01,5258.6
2020-04-02,5154.3
2020-04-03,5067.5
2020-04-06,5286.8
2020-04-07,5252.3
2020-04-08,5206.9
2020-04-09,5387.3
2020-04-14,5488.1
2020-04-15,5466.7
2020-04-16,5416.3
2020-04-17,5487.5
2020-04-20,5353
2020-04-21,5221.3
2020-04-22,5221.2
2020-04-23,5217.1
2020-04-24,5242.6
2020-04-27,5321.4
2020-04-28,5313.1
2020-04-29,5393.4
2020-04-30,5522.4
2020-05-01,5245.9
2020-05-04,5319.8
2020-05-05,5407.1
2020-05-06,5384.6
2020-05-07,5364.2
2020-05-08,5391.1
2020-05-11,5461.2
2020-05-12,5403
2020-05-13,5421.9
2020-05-14,5328.7
2020-05-15,5404.8
2020-05-18,5460.5
2020-05-19,5559.5
2020-05-20,5573
2020-05-21,5550.4
2020-05-22,5497
2020-05-25,5615.6
2020-05-26,5780
2020-05-27,5775
2020-05-28,5851.1
2020-05-29,5755.7
2020-06-01,5819.2
2020-06-02,5835.1
2020-06-03,5941.6
2020-06-04,5991.8
2020-06-05,5998.7
2020-06-09,6144.9
2020-06-10,6148.4
2020-06-11,5960.6
2020-06-12,5847.8
2020-06-15,5719.8
2020-06-16,5942.3
2020-06-17,5991.8
2020-06-18,5936.5
2020-06-19,5942.6
2020-06-22,5944.5
2020-06-23,5954.4
2020-06-24,5965.7
2020-06-25,5817.7
2020-06-26,5904.1
2020-06-29,5815
2020-06-30,5897.9
2020-07-01,5934.4
2020-07-02,6032.7
2020-07-03,6057.9
2020-07-06,6014.6
2020-07-07,6012.9
2020-07-08,5920.3
2020-07-09,5955.5
2020-07-10,5919.2
2020-07-13,5977.5
2020-07-14,5941.1
2020-07-15,6052.9
2020-07-16,6010.9
2020-07-17,6033.6
2020-07-20,6001.6
2020-07-21,6156.3
2020-07-22,6075.1
2020-07-23,6094.5
2020-07-24,6024
2020-07-27,6044.2
2020-07-28,6020.5
2020-07-29,6006.4
2020-07-30,6051.1
2020-07-31,5927.8
2020-08-03,5926.1
2020-08-04,6037.6
2020-08-05,6001.3
2020-08-06,6042.2
2020-08-07,6004.8
2020-08-10,6110.2
2020-08-11,6138.7
2020-08-12,6132
2020-08-13,6091
2020-08-14,6126.2
2020-08-17,6076.4
2020-08-18,6123.4
2020-08-19,6167.6
2020-08-20,6120
2020-08-21,6111.2
2020-08-24,6129.6
2020-08-25,6161.4
2020-08-26,6116.4
2020-08-27,6126.2
2020-08-28,6073.8
2020-08-31,6060.5
2020-09-01,5953.4
2020-09-02,6063.2
2020-09-03,6112.6
2020-09-04,5925.5
2020-09-07,5944.8
2020-09-08,6007.8
2020-09-09,5878.6
2020-09-10,5908.5
2020-09-11,5859.4
2020-09-14,5899.5
2020-09-15,5894.8
2020-09-16,5956.1
2020-09-17,5883.2
2020-09-18,5864.5
2020-09-21,5822.6
2020-09-22,5784.1
2020-09-23,5923.9
2020-09-24,5875.9
2020-09-25,5964.9
2020-09-28,5952.3
2020-09-29,5952.1
2020-09-30,5815.9
2020-10-01,5872.9
2020-10-02,5791.5
2020-10-05,5941.6
2020-10-06,5962.1
2020-10-07,6036.4
2020-10-08,6102
2020-10-09,6102.2
2020-10-12,6132
2020-10-13,6195.7
2020-10-14,6179.2
2020-10-15,6210.3
2020-10-16,6176.8
2020-10-19,6229.4
2020-10-20,6184.6
2020-10-21,6191.8
2020-10-22,6173.8
2020-10-23,6167
2020-10-26,6155.6
2020-10-27,6051
2020-10-28,6057.7
2020-10-29,5960.3
2020-10-30,5927.6
2020-11-02,5951.3
2020-11-03,6066.4
2020-11-04,6062.1
2020-11-05,6139.6
2020-11-06,6190.2
2020-11-09,6298.8
2020-11-10,6340.5
2020-11-11,6449.7
2020-11-12,6418.2
2020-11-13,6405.2
2020-11-16,6484.3
2020-11-17,6498.2
2020-11-18,6531.1
2020-11-19,6547.2
2020-11-20,6539.2
2020-11-23,6561.6
2020-11-24,6644.1
2020-11-25,6683.3
2020-11-26,6636.4
2020-11-27,6601.1
2020-11-30,6517.8
2020-12-01,6588.5
2020-12-02,6590.2
2020-12-03,6615.3
2020-12-04,6634.1
2020-12-07,6675
2020-12-08,6687.7
2020-12-09,6728.5
2020-12-10,6683.1
2020-12-11,6642.6
2020-12-14,6660.2
2020-12-15,6631.3
2020-12-16,6679.2
2020-12-17,6756.7
2020-12-18,6675.5
2020-12-21,6669.9
2020-12-22,6599.6
2020-12-23,6643.1
2020-12-24,6664.8
2020-12-29,6700.3
2020-12-30,6682.4
2020-12-31,6587.1
2021-01-04,6684.2
2021-01-05,6681.9
2021-01-06,6607.1
2021-01-07,6712
2021-01-08,6757.9
2021-01-11,6697.2
2021-01-12,6679.1
2021-01-13,6686.6
2021-01-14,6715.3
2021-01-15,6715.4
2021-01-18,6663
2021-01-19,6742.6
2021-01-20,6770.4
2021-01-21,6823.7
2021-01-22,6800.4
2021-01-25,6824.7
2021-01-27,6780.6
2021-01-28,6649.7
2021-01-29,6607.4
2021-02-01,6663
2021-02-02,6762.6
2021-02-03,6824.6
2021-02-04,6765.5
2021-02-05,6840.5
2021-02-08,6880.7
2021-02-09,6821.2
2021-02-10,6856.9
2021-02-11,6850.1
2021-02-12,6806.7
2021-02-15,6868.9
2021-02-16,6917.3
2021-02-17,6885.2
2021-02-18,6885.9
2021-02-19,6793.8
2021-02-22,6780.9
2021-02-23,6839.2
2021-02-24,6777.8
2021-02-25,6834
2021-02-26,6673.3
2021-03-01,6789.6
2021-03-02,6762.3
2021-03-03,6818
2021-03-04,6760.7
2021-03-05,6710.8
2021-03-08,6739.6
2021-03-09,6771.2
2021-03-10,6714.1
2021-03-11,6713.9
2021-03-12,6766.8
2021-03-15,6773
2021-03-16,6827.1
2021-03-17,6795.2
2021-03-18,6745.9
2021-03-19,6708.2
2021-03-22,6752.5
2021-03-23,6745.4
2021-03-24,6778.8
2021-03-25,6790.6
2021-03-26,6824.2
2021-03-29,6799.5
2021-03-30,6738.4
2021-03-31,6790.7
2021-04-01,6828.7
2021-04-06,6885.9
2021-04-07,6928
2021-04-08,6998.8
2021-04-09,6995.2
2021-04-12,6974
2021-04-13,6976.9
2021-04-14,7023.1
2021-04-15,7058.6
2021-04-16,7063.5
2021-04-19,7065.6
2021-04-20,7017.8
2021-04-21,6997.5
2021-04-22,7055.4
2021-04-23,7060.7
2021-04-26,7045.6
2021-04-27,7033.8
2021-04-28,7064.7
2021-04-29,7082.3
2021-04-30,7025.8
2021-05-03,7028.8
2021-05-04,7067.9
2021-05-05,7095.8
2021-05-06,7061.7
2021-05-07,7080.8
2021-05-10,7172.8
2021-05-11,7097
2021-05-12,7044.9
2021-05-13,6982.7
2021-05-14,7014.2
2021-05-17,7023.6
2021-05-18,7066
2021-05-19,6931.7
2021-05-20,7019.6
2021-05-21,7030.3
2021-05-24,7045.9
2021-05-25,7115.2
2021-05-26,7092.5
2021-05-27,7094.9
2021-05-28,7179.5
2021-05-31,7161.6
2021-06-01,7142.6
2021-06-02,7217.8
2021-06-03,7260.1
2021-06-04,7295.4
2021-06-07,7281.9
2021-06-08,7292.6
2021-06-09,7270.2
2021-06-10,7302.5
2021-06-11,7312.3
2021-06-15,7379.5
2021-06-16,7386.2
2021-06-17,7359
2021-06-18,7368.9
2021-06-21,7235.3
2021-06-22,7342.2
2021-06-23,7298.5
2021-06-24,7275.3
2021-06-25,7308
2021-06-28,7307.3
2021-06-29,7301.2
2021-06-30,7313
2021-07-01,7265.6
2021-07-02,7308.6
2021-07-05,7315
2021-07-06,7261.8
2021-07-07,7326.9
2021-07-08,7341.4
2021-07-09,7273.3
2021-07-12,7333.5
2021-07-13,7332.1
2021-07-14,7354.7
2021-07-15,7335.9
2021-07-16,7348.1
2021-07-19,7286
2021-07-20,7252.2
2021-07-21,7308.7
2021-07-22,7386.4
2021-07-23,7394.4
2021-07-26,7394.3
2021-07-27,7431.4
2021-07-28,7379.3
2021-07-29,7417.4
2021-07-30,7392.6
2021-08-02,7491.4
2021-08-03,7474.5
2021-08-04,7503.2
2021-08-05,7511.1
2021-08-06,7538.4
2021-08-09,7538.4
2021-08-10,7562.6
2021-08-11,7584.3
2021-08-12,7588.2
2021-08-13,7628.9
2021-08-16,7582.5
2021-08-17,7511
2021-08-18,7502.1
2021-08-19,7464.6
2021-08-20,7460.9
2021-08-23,7489.9
2021-08-24,7503
2021-08-25,7531.9
2021-08-26,7491.2
2021-08-27,7488.3
2021-08-30,7504.5
2021-08-31,7534.9
2021-09-01,7527.1
2021-09-02,7485.7
2021-09-03,7522.9
2021-09-06,7528.5
2021-09-07,7530.3
2021-09-08,7512
2021-09-09,7369.5
2021-09-10,7406.6
2021-09-13,7425.2
2021-09-14,7437.3
2021-09-15,7417
2021-09-16,7460.2
2021-09-17,7403.7
2021-09-20,7248.2
2021-09-21,7273.8
2021-09-22,7296.9
2021-09-23,7370.2
2021-09-24,7342.6
2021-09-27,7384.2
2021-09-28,7275.6
2021-09-29,7196.7
2021-09-30,7332.2
2021-10-01,7185.5
2021-10-04,7278.5
2021-10-05,7248.4
2021-10-06,7206.5
2021-10-07,7256.7
2021-10-08,7320.1
2021-10-11,7299.8
2021-10-12,7280.7
2021-10-13,7272.5
2021-10-14,7311.7
2021-10-15,7362
2021-10-18,7381.1
2021-10-19,7374.9
2021-10-20,7413.7
2021-10-21,7415.4
2021-10-22,7415.5
2021-10-25,7441
2021-10-26,7443.4
2021-10-27,7448.7
2021-10-28,7430.4
2021-10-29,7323.7
2021-11-01,7370.8
2021-11-02,7324.3
2021-11-03,7392.7
2021-11-04,7428
2021-11-05,7456.9
2021-11-08,7452.2
2021-11-09,7434.2
2021-11-10,7423.9
2021-11-11,7381.9
2021-11-12,7443
2021-11-15,7470.1
2021-11-16,7420.4
2021-11-17,7369.9
2021-11-18,7379.2
2021-11-19,7396.5
